右/左回り◎,174,緑,ノーマル,緑,共
右/左回り○,129,緑,ノーマル,緑,共
右/左回り×,-129,紫,ノーマル,紫,共
右回りの鬼,461,緑,レア,緑,共
左回りの鬼,461,緑,レア,緑,共
レース場◎,174,緑,ノーマル,緑,共
レース場○,129,緑,ノーマル,緑,共
レース場×,-129,紫,ノーマル,紫,共
府中の申し子,461,緑,レア,緑,共
淀の申し子,461,緑,レア,緑,共
根幹/非根幹◎,174,緑,ノーマル,緑,共
根幹/非根幹○,129,緑,ノーマル,緑,共
根幹/非根幹×,-129,紫,ノーマル,紫,共
良バ場/道悪◎,174,緑,ノーマル,緑,共
良バ場/道悪○,129,緑,ノーマル,緑,共
良バ場/道悪×,-129,紫,ノーマル,紫,共
良バ場の鬼,461,緑,レア,緑,共
道悪の鬼,461,緑,レア,緑,共
春夏秋冬ウマ娘◎,174,緑,ノーマル,緑,共
春夏秋冬ウマ娘○,129,緑,ノーマル,緑,共
春一番,461,緑,レア,緑,共
青嵐,461,緑,レア,緑,共
初嵐,461,緑,レア,緑,共
凍て風,461,緑,レア,緑,共
晴曇雨雪の日◎,174,緑,ノーマル,緑,共
晴曇雨雪の日○,129,緑,ノーマル,緑,共
内枠得意◎,174,緑,ノーマル,緑,共
内枠得意○,129,緑,ノーマル,緑,共
内枠苦手,-129,紫,ノーマル,紫,共
外枠得意◎,174,緑,ノーマル,緑,共
外枠得意○,129,緑,ノーマル,緑,共
外枠苦手,-129,紫,ノーマル,紫,共
おひとり様◎,174,緑,ノーマル,緑,共
おひとり様○,129,緑,ノーマル,緑,共
対抗意識◎,174,緑,ノーマル,緑,共
対抗意識○,129,緑,ノーマル,緑,共
引っ込み思案,-129,紫,ノーマル,紫,共
徹底マーク◎,174,緑,ノーマル,緑,共
徹底マーク○,129,緑,ノーマル,緑,共
伏兵◎,174,緑,ノーマル,緑,共
伏兵○,129,緑,ノーマル,緑,共
GⅠ苦手,-129,紫,ノーマル,紫,共
小心者,-129,紫,ノーマル,紫,共
弧線のプロフェッサー,508,橙,レア,オレンジ,共
コーナー巧者○,217,橙,ノーマル,オレンジ,共
コーナー巧者×,-262,紫,ノーマル,紫,共
曲線のソムリエ,508,橙,レア,オレンジ,共
コーナー加速○,217,橙,ノーマル,オレンジ,共
コーナー加速×,-262,紫,ノーマル,紫,共
円弧のマエストロ,508,青,レア,青,共
コーナー回復○,217,青,ノーマル,青,共
コーナー回復×,-262,紫,ノーマル,紫,共
ハヤテ一文字,508,橙,レア,オレンジ,共
直線巧者,217,橙,ノーマル,オレンジ,共
一陣の風,508,橙,レア,オレンジ,共
直線加速,217,橙,ノーマル,オレンジ,共
好転一息,508,青,レア,青,共
直線回復,217,青,ノーマル,青,共
坂苦手,-262,紫,ノーマル,紫,共
バ群嫌い,-262,紫,ノーマル,紫,共
あきらめ癖,-262,紫,ノーマル,紫,共
手抜き癖,-262,紫,ノーマル,紫,共
コンセントレーション,394,橙,レア,オレンジ,共
集中力,129,橙,ノーマル,オレンジ,共
ゲート難,-174,紫,ノーマル,紫,共
鋼の意志,508,青,レア,青,共
隠れ蓑,217,青,ノーマル,青,共
注目の踊り子,334,橙,レア,オレンジ,共
ポジションセンス,129,橙,ノーマル,オレンジ,共
アガッてきた！,508,橙,レア,オレンジ,共
ペースアップ,217,橙,ノーマル,オレンジ,共
不屈の心,508,青,レア,青,共
ペースキープ,217,青,ノーマル,青,共
どこ吹く風,508,青,レア,青,共
ウマ込み冷静,217,青,ノーマル,青,共
ノンストップガール,394,橙,レア,オレンジ,共
垂れウマ回避,174,橙,ノーマル,オレンジ,共
レーンの魔術師,334,橙,レア,オレンジ,共
臨機応変,129,橙,ノーマル,オレンジ,共
全身全霊,508,橙,レア,オレンジ,共
末脚,217,橙,ノーマル,オレンジ,共
空回り,-262,紫,ノーマル,紫,共
先手必勝,367,橙,レア,オレンジ,逃
先駆け,239,橙,ノーマル,オレンジ,逃
脱出術,559,橙,レア,オレンジ,逃
急ぎ足,239,橙,ノーマル,オレンジ,逃
逃亡者,559,橙,レア,オレンジ,逃
押し切り準備,239,橙,ノーマル,オレンジ,逃
余裕綽々,559,青,レア,青,先
スタミナキープ,239,青,ノーマル,青,先
レースプランナー,559,青,レア,青,先
好位追走,239,青,ノーマル,青,先
スピードスター,559,橙,レア,オレンジ,先
抜け出し準備,239,橙,ノーマル,オレンジ,先
迅速果断,559,橙,レア,オレンジ,差
位置取り押し上げ,239,橙,ノーマル,オレンジ,差
乗り換え上手,559,橙,レア,オレンジ,差
差し切り体勢,239,橙,ノーマル,オレンジ,差
昇り龍,559,橙,レア,オレンジ,差
外差し準備,239,橙,ノーマル,オレンジ,差
眠れる獅子,559,青,レア,青,追
後方待機,239,青,ノーマル,青,追
疾風怒濤,559,橙,レア,オレンジ,追
仕掛け抜群,239,橙,ノーマル,オレンジ,追
迫る影,559,橙,レア,オレンジ,追
直線一気,239,橙,ノーマル,オレンジ,追
スプリントターボ,559,橙,レア,オレンジ,短
スプリントギア,239,橙,ノーマル,オレンジ,短
様子見,239,青,ノーマル,青,短
電撃の煌めき,559,橙,レア,オレンジ,短
詰め寄り,239,橙,ノーマル,オレンジ,短
マイルの支配者,559,橙,レア,オレンジ,マ
積極策,239,橙,ノーマル,オレンジ,マ
慧眼,559,青,レア,青,マ
展開窺い,239,青,ノーマル,青,マ
豪脚,559,橙,レア,オレンジ,マ
上昇気流,239,橙,ノーマル,オレンジ,マ
切り開く者,559,青,レア,青,中
前途洋々,239,青,ノーマル,青,中
キラーチューン,559,橙,レア,オレンジ,中
テンポアップ,239,橙,ノーマル,オレンジ,中
勝利への執念,559,橙,レア,オレンジ,中
食い下がり,239,橙,ノーマル,オレンジ,中
クールダウン,559,青,レア,青,長
深呼吸,239,青,ノーマル,青,長
内的体験,559,橙,レア,オレンジ,長
内弁慶,239,橙,ノーマル,オレンジ,長
火事場のバ鹿力,559,青,レア,青,長
別腹タンク,239,青,ノーマル,青,長
トリック（前）,217,赤,ノーマル,赤,共
見惚れるトリック,508,赤,レア,赤,共
トリック（後）,217,赤,ノーマル,赤,共
逃げ駆け引き,174,赤,ノーマル,赤,共
先行駆け引き,174,赤,ノーマル,赤,共
差し駆け引き,174,赤,ノーマル,赤,共
追込駆け引き,174,赤,ノーマル,赤,共
逃げけん制,217,赤,ノーマル,赤,共
逃げ焦り,217,赤,ノーマル,赤,共
逃げためらい,217,赤,ノーマル,赤,共
先行けん制,217,赤,ノーマル,赤,共
先行焦り,217,赤,ノーマル,赤,共
先行ためらい,217,赤,ノーマル,赤,共
差しけん制,217,赤,ノーマル,赤,共
差し焦り,217,赤,ノーマル,赤,共
差しためらい,217,赤,ノーマル,赤,共
追込けん制,217,赤,ノーマル,赤,共
追込焦り,217,赤,ノーマル,赤,共
追込ためらい,217,赤,ノーマル,赤,共
短距離直線◎,288,橙,ノーマル,オレンジ,短
短距離直線○,239,橙,ノーマル,オレンジ,短
紫電一閃,559,橙,レア,オレンジ,短
短距離コーナー◎,288,橙,ノーマル,オレンジ,短
短距離コーナー○,239,橙,ノーマル,オレンジ,短
紫電円刃,559,橙,レア,オレンジ,短
圧倒的リード,559,橙,レア,オレンジ,短
大きなリード,288,橙,ノーマル,オレンジ,短
プランX,559,橙,レア,オレンジ,短
善後策,239,橙,ノーマル,オレンジ,短
準備万全！,433,橙,レア,オレンジ,短
仕掛け準備,191,橙,ノーマル,オレンジ,短
悩殺術,559,赤,レア,赤,短
後方釘付,288,赤,ノーマル,赤,短
抜け駆け禁止,288,赤,ノーマル,赤,短
マイル直線◎,288,橙,ノーマル,オレンジ,マ
マイル直線○,239,橙,ノーマル,オレンジ,マ
豪風一閃,559,橙,レア,オレンジ,マ
マイルコーナー◎,288,橙,ノーマル,オレンジ,マ
マイルコーナー○,239,橙,ノーマル,オレンジ,マ
豪風円刃,559,橙,レア,オレンジ,マ
ギアチェンジ,559,橙,レア,オレンジ,マ
ギアシフト,239,橙,ノーマル,オレンジ,マ
アクセル全開！,559,橙,レア,オレンジ,マ
アクセラレーション,239,橙,ノーマル,オレンジ,マ
姉御肌,367,橙,レア,オレンジ,マ
負けん気,239,橙,ノーマル,オレンジ,マ
スピードイーター,239,赤,ノーマル,赤,マ
布陣,559,赤,レア,赤,マ
布石,239,赤,ノーマル,赤,マ
中距離直線◎,288,橙,ノーマル,オレンジ,中
中距離直線○,239,橙,ノーマル,オレンジ,中
光芒一閃,559,橙,レア,オレンジ,中
中距離コーナー◎,288,橙,ノーマル,オレンジ,中
中距離コーナー○,239,橙,ノーマル,オレンジ,中
光芒円刃,559,橙,レア,オレンジ,中
千里眼,367,橙,レア,オレンジ,中
ホークアイ,142,橙,ノーマル,オレンジ,中
ライトニングステップ,433,橙,レア,オレンジ,中
イナズマステップ,191,橙,ノーマル,オレンジ,中
神業ステップ,559,青,レア,青,中
軽やかステップ,239,青,ノーマル,青,中
独占力,559,赤,レア,赤,中
束縛,239,赤,ノーマル,赤,中
魅惑のささやき,559,赤,レア,赤,中
ささやき,239,赤,ノーマル,赤,中
長距離直線◎,288,橙,ノーマル,オレンジ,長
長距離直線○,239,橙,ノーマル,オレンジ,長
烈風一閃,559,橙,レア,オレンジ,長
長距離コーナー◎,288,橙,ノーマル,オレンジ,長
長距離コーナー○,239,橙,ノーマル,オレンジ,長
烈風円刃,559,橙,レア,オレンジ,長
先陣の心得,559,橙,レア,オレンジ,長
リードキープ,239,橙,ノーマル,オレンジ,長
VIP顔パス,559,青,レア,青,長
パス上手,239,青,ノーマル,青,長
怒涛の追い上げ,559,橙,レア,オレンジ,長
追い上げ,239,橙,ノーマル,オレンジ,長
スタミナグリード,507,赤,レア,赤,長
スタミナイーター,239,赤,ノーマル,赤,長
奇術師,367,赤,レア,赤,長
目くらまし,142,赤,ノーマル,赤,長
逃げ直線◎,288,橙,ノーマル,オレンジ,逃
逃げ直線○,239,橙,ノーマル,オレンジ,逃
陣風一閃,559,橙,レア,オレンジ,逃
逃げコーナー◎,288,橙,ノーマル,オレンジ,逃
逃げコーナー○,239,橙,ノーマル,オレンジ,逃
陣風円刃,559,橙,レア,オレンジ,逃
シックスセンス,367,橙,レア,オレンジ,逃
危険回避,142,橙,ノーマル,オレンジ,逃
トップランナー,559,橙,レア,オレンジ,逃
先頭プライド,239,橙,ノーマル,オレンジ,逃
じゃじゃウマ娘,559,青,レア,青,逃
勢い任せ,239,青,ノーマル,青,逃
再燃焼,559,橙,レア,オレンジ,逃
二の矢,239,橙,ノーマル,オレンジ,逃
リスタート,239,赤,ノーマル,赤,逃
先行直線◎,288,橙,ノーマル,オレンジ,先
先行直線○,239,橙,ノーマル,オレンジ,先
勇迅一閃,559,橙,レア,オレンジ,先
先行コーナー◎,288,橙,ノーマル,オレンジ,先
先行コーナー○,239,橙,ノーマル,オレンジ,先
勇迅円刃,559,橙,レア,オレンジ,先
技巧派,367,橙,レア,オレンジ,先
巧みなステップ,239,橙,ノーマル,オレンジ,先
決意の直滑降,367,橙,レア,オレンジ,先
直滑降,239,橙,ノーマル,オレンジ,先
食いしん坊,559,青,レア,青,先
栄養補給,239,青,ノーマル,青,先
くじけぬ精神,367,橙,レア,オレンジ,先
まき直し,239,橙,ノーマル,オレンジ,先
幻惑のかく乱,367,赤,レア,赤,先
かく乱,94,赤,ノーマル,赤,先
差し直線◎,288,橙,ノーマル,オレンジ,差
差し直線○,239,橙,ノーマル,オレンジ,差
鋭脚一閃,559,橙,レア,オレンジ,差
差しコーナー◎,288,橙,ノーマル,オレンジ,差
差しコーナー○,239,橙,ノーマル,オレンジ,差
鋭脚円刃,559,橙,レア,オレンジ,差
努力家,367,橙,レア,オレンジ,差
がんばり屋,239,橙,ノーマル,オレンジ,差
百万バリキ,367,橙,レア,オレンジ,差
十万バリキ,239,橙,ノーマル,オレンジ,差
リラックス,559,青,レア,青,差
小休憩,239,青,ノーマル,青,差
大局観,367,橙,レア,オレンジ,差
読解力,94,橙,ノーマル,オレンジ,差
八方にらみ,559,赤,レア,赤,差
鋭い眼光,239,赤,ノーマル,赤,差
追込直線◎,288,橙,ノーマル,オレンジ,追
追込直線○,239,橙,ノーマル,オレンジ,追
月影一閃,559,橙,レア,オレンジ,追
追込コーナー◎,288,橙,ノーマル,オレンジ,追
追込コーナー○,239,橙,ノーマル,オレンジ,追
月影円刃,559,橙,レア,オレンジ,追
視界良好！異常なし！,367,橙,レア,オレンジ,追
お見通し,94,橙,ノーマル,オレンジ,追
下校後のスペシャリスト,559,青,レア,青,追
下校の楽しみ,239,青,ノーマル,青,追
冷静沈着,559,青,レア,青,追
冷静,239,青,ノーマル,青,追
天命士,367,橙,レア,オレンジ,追
策士,94,橙,ノーマル,オレンジ,追
熱いまなざし,559,赤,レア,赤,追
まなざし,239,赤,ノーマル,赤,追
逃げのコツ◎,239,緑,ノーマル,緑,逃
逃げのコツ○,191,緑,ノーマル,緑,逃
先行のコツ◎,239,緑,ノーマル,緑,先
先行のコツ○,191,緑,ノーマル,緑,先
差しのコツ◎,239,緑,ノーマル,緑,差
差しのコツ○,191,緑,ノーマル,緑,差
追込のコツ◎,239,緑,ノーマル,緑,追
追込のコツ○,191,緑,ノーマル,緑,追
スーパーラッキーセブン,334,緑,レア,緑,共
ラッキーセブン,174,緑,ノーマル,緑,共
スリーセブン,217,青,ノーマル,青,共
登山家,217,橙,ノーマル,オレンジ,共
究極のヒルクライマー,508,橙,レア,オレンジ,共
ウマ好み,217,橙,ノーマル,オレンジ,共
ウママニア,508,橙,レア,オレンジ,共
地固め,217,橙,ノーマル,オレンジ,共
盤石の構え,508,橙,レア,オレンジ,共
尻尾上がり,217,橙,ノーマル,オレンジ,共
尻尾の滝登り,508,橙,レア,オレンジ,共
ふり絞り,217,青,ノーマル,青,共
シンパシー,129,緑,ノーマル,緑,共
コネクト,334,緑,レア,緑,芝
一匹狼,129,緑,ノーマル,緑,共
スリップストリーム,217,橙,ノーマル,オレンジ,共
いいとこ入った！,508,橙,レア,オレンジ,共
遊びはおしまいっ！,217,橙,ノーマル,オレンジ,共
お先に失礼っ！,508,橙,レア,オレンジ,共
チャート急上昇！,508,橙,レア,オレンジ,ダ
レコメンド,217,橙,ノーマル,オレンジ,ダ
狙うは最前列！,394,橙,レア,オレンジ,ダ
前列狙い,174,橙,ノーマル,オレンジ,ダ
潜伏態勢,559,青,レア,青,差
静かな呼吸,239,青,ノーマル,青,差
決死の覚悟,559,橙,レア,オレンジ,中
ありったけ,239,橙,ノーマル,オレンジ,中
凸凹ネイル,-129,紫,ノーマル,紫,共
鍔迫り合い,559,橙,レア,オレンジ,先
真っ向勝負,239,橙,ノーマル,オレンジ,先
砂の玄人,508,青,レア,青,ダ
砂塵慣れ,217,青,ノーマル,青,ダ
真打,559,橙,レア,オレンジ,長
影打,239,橙,ノーマル,オレンジ,長
強攻策,559,橙,レア,オレンジ,追
早仕掛け,239,橙,ノーマル,オレンジ,追
博打うち,334,橙,レア,オレンジ,共
あやしげな作戦,129,橙,ノーマル,オレンジ,共
意気衝天,559,橙,レア,オレンジ,短
軽い足取り,239,橙,ノーマル,オレンジ,短
大逃げ,407,緑,レア,緑,逃
日本一のウマ娘,559,橙,レア,オレンジ,長
泰然自若,559,青,レア,青,長
マイペース,239,青,ノーマル,青,長
起死回生,559,橙,レア,オレンジ,中
ワンチャンス,239,橙,ノーマル,オレンジ,中
気炎万丈,559,橙,レア,オレンジ,中
闘争心,239,橙,ノーマル,オレンジ,中
高揚感,559,橙,レア,オレンジ,中
前のめり,239,橙,ノーマル,オレンジ,中
破竹の勢い,559,橙,レア,オレンジ,マ
気合十分,239,橙,ノーマル,オレンジ,マ
大胆不敵,559,橙,レア,オレンジ,差
恐れぬ心,239,橙,ノーマル,オレンジ,差
荒ぶる旋風,559,橙,レア,オレンジ,中
気迫を込めて,239,橙,ノーマル,オレンジ,中
勇往邁進,559,橙,レア,オレンジ,差
フルスロットル,239,橙,ノーマル,オレンジ,差
自制心,217,緑,ノーマル,緑,共
至高のダウンヒラー,508,橙,レア,オレンジ,共
下り坂巧者,217,橙,ノーマル,オレンジ,共
一意専心,615,青,レア,青,長,先
抜かりなし,263,青,ノーマル,青,長,先
ナイター◎,174,緑,ノーマル,緑,共
ナイター○,129,緑,ノーマル,緑,共
ナイター×,-129,紫,ノーマル,紫,共
小回り◎,174,緑,ノーマル,緑,共
小回り○,129,緑,ノーマル,緑,共
小回り×,-129,紫,ノーマル,紫,共
交流重賞◎,174,緑,ノーマル,緑,共
交流重賞○,129,緑,ノーマル,緑,共
交流重賞×,-129,紫,ノーマル,紫,共
交流重賞の鬼,461,緑,レア,緑,共
勝利の機運,508,橙,レア,オレンジ,ダ
明るい兆し,217,橙,ノーマル,オレンジ,ダ
捲土重来,508,橙,レア,オレンジ,ダ
盛り返し,217,橙,ノーマル,オレンジ,ダ
全速前進！,508,橙,レア,オレンジ,ダ
まっしぐら,217,橙,ノーマル,オレンジ,ダ
明鏡止水,508,橙,レア,オレンジ,ダ
冴える思考,217,橙,ノーマル,オレンジ,ダ
優雅な砂浴び,508,橙,レア,オレンジ,ダ
砂浴び○,217,橙,ノーマル,オレンジ,ダ
砂浴び×,-262,紫,ノーマル,紫,ダ
目指せセンター！,508,橙,レア,オレンジ,ダ
意気込み十分,217,橙,ノーマル,オレンジ,ダ
爆走モード！,508,橙,レア,オレンジ,ダ
急浮上,217,橙,ノーマル,オレンジ,ダ
抜群の踏み込み,461,緑,レア,緑,ダ
踏み込み上手,174,緑,ノーマル,緑,ダ
泥んこマイスター,461,緑,レア,緑,ダ
泥遊び◎,174,緑,ノーマル,緑,ダ
泥遊び○,129,緑,ノーマル,緑,ダ
泥遊び×,-129,紫,ノーマル,紫,ダ
土煙,174,赤,ノーマル,赤,ダ
油断大敵,508,赤,レア,赤,ダ
圧迫感,217,赤,ノーマル,赤,ダ
アンストッパブル,559,橙,レア,オレンジ,先
攻めの姿勢,239,橙,ノーマル,オレンジ,先
ブレイクスルー,559,橙,レア,オレンジ,追
打開策,239,橙,ノーマル,オレンジ,追
出力1000％！,559,橙,レア,オレンジ,逃
しゃかりき,239,橙,ノーマル,オレンジ,逃
電光石火,559,橙,レア,オレンジ,短,マ
一足飛び,239,橙,ノーマル,オレンジ,短,マ
風雲の志,559,橙,レア,オレンジ,先
向上心,239,橙,ノーマル,オレンジ,先
無我夢中,615,橙,レア,オレンジ,長,差
がむしゃら,263,橙,ノーマル,オレンジ,長,差
快進撃,615,橙,レア,オレンジ,中,先
確かな足取り,263,橙,ノーマル,オレンジ,中,先
勝負師,508,緑,レア,緑,共
やまっけ,217,緑,ノーマル,緑,共
トップギア,559,橙,レア,オレンジ,差
キレる脚,239,橙,ノーマル,オレンジ,差
踏ませぬ影,559,橙,レア,オレンジ,逃
粘り腰,239,橙,ノーマル,オレンジ,逃
猛追,559,橙,レア,オレンジ,先,差
食らいつき,239,橙,ノーマル,オレンジ,先,差
怪物,615,橙,レア,オレンジ,長,先
本領発揮,263,橙,ノーマル,オレンジ,長,先
抜群の切れ味,559,橙,レア,オレンジ,追
切れ味,239,橙,ノーマル,オレンジ,追
遮二無二,559,橙,レア,オレンジ,マ
向こう見ず,239,橙,ノーマル,オレンジ,マ
天衣無縫,559,橙,レア,オレンジ,中,長
型破り,239,橙,ノーマル,オレンジ,中,長
優位形成,559,橙,レア,オレンジ,マ,中
しとやかな足取り,239,橙,ノーマル,オレンジ,マ,中
威風堂々,559,橙,レア,オレンジ,差
プレッシャー,239,橙,ノーマル,オレンジ,差
神速,633,橙,レア,オレンジ,共
快速,263,橙,ノーマル,オレンジ,共
一発必中,559,橙,レア,オレンジ,長
ロックオン,239,橙,ノーマル,オレンジ,長
未来を拓く奇跡,559,橙,レア,オレンジ,短
脱兎の先へ,696,青,レア,青,長
脇目も振らず,289,青,ノーマル,青,長
一気呵成,615,橙,レア,オレンジ,長,差
大急ぎ,263,橙,ノーマル,オレンジ,長,差
ルミネセンス,559,橙,レア,オレンジ,中
イグニッション,239,橙,ノーマル,オレンジ,中
溢れる情熱,239,橙,ノーマル,オレンジ,差
突撃魂,559,橙,レア,オレンジ,差
進出開始,239,橙,ノーマル,オレンジ,差
千里の道,559,橙,レア,オレンジ,差
一歩から,239,橙,ノーマル,オレンジ,差
雲蒸竜変,559,緑,レア,緑,マ,中
自信家,239,緑,ノーマル,緑,マ,中
昂る鼓動,559,橙,レア,オレンジ,中,長
込み上げる熱,239,橙,ノーマル,オレンジ,中,長
ハイボルテージ,559,橙,レア,オレンジ,マ
心弾んで,239,橙,ノーマル,オレンジ,マ
ブチ☆アゲ↑バイブス,696,橙,レア,オレンジ,長
バイブス上昇,289,橙,ノーマル,オレンジ,長
誰より前へ！,367,橙,レア,オレンジ,中
一番乗り,239,橙,ノーマル,オレンジ,中
シンギュラリティ,558,緑,レア,緑,中,先
探求心,211,緑,ノーマル,緑,中,先
王手,559,橙,レア,オレンジ,先,差
会心の一歩,239,橙,ノーマル,オレンジ,先,差
ネバーギブアップ,508,橙,レア,オレンジ,共
折れない心,217,橙,ノーマル,オレンジ,共
ロンシャンの申し子,461,緑,レア,緑,共
十全十美,559,橙,レア,オレンジ,マ,中
品行方正,239,橙,ノーマル,オレンジ,マ,中
気骨稜稜,559,橙,レア,オレンジ,短
ひたむき前進,239,橙,ノーマル,オレンジ,短
かっとばせ！,559,橙,レア,オレンジ,先
勝利に向かって,239,橙,ノーマル,オレンジ,先
一点集中,615,橙,レア,オレンジ,長,先
狙いを定めて,263,橙,ノーマル,オレンジ,長,先
時中の妙,508,橙,レア,オレンジ,共
中盤巧者,217,橙,ノーマル,オレンジ,共
機先の勝負,508,橙,レア,オレンジ,共
序盤巧者,217,橙,ノーマル,オレンジ,共
画竜点睛,615,橙,レア,オレンジ,長,逃
大詰め,263,橙,ノーマル,オレンジ,長,逃
万里一空,615,橙,レア,オレンジ,長,逃
迷いなし,263,橙,ノーマル,オレンジ,長,逃
コール&レスポンス,633,橙,レア,オレンジ,ダ
二段構え,263,橙,ノーマル,オレンジ,ダ
砂の妙手,508,青,レア,青,ダ
砂払い,217,青,ノーマル,青,ダ
一網打尽,615,橙,レア,オレンジ,長,追
ごぼう抜き,263,橙,ノーマル,オレンジ,長,追
ロケットスタート,367,橙,レア,オレンジ,短
急発進,239,橙,ノーマル,オレンジ,短
君臨,615,橙,レア,オレンジ,中,追
渾身の足取り,263,橙,ノーマル,オレンジ,中,追
完全燃焼,559,橙,レア,オレンジ,追
たぎる血潮,239,橙,ノーマル,オレンジ,追
不動の心,239,青,ノーマル,青,追
飛翔脚,559,橙,レア,オレンジ,追
推力十分,239,橙,ノーマル,オレンジ,追
切り崩し,239,橙,ノーマル,オレンジ,追
一心不乱,559,橙,レア,オレンジ,追
惜しみなし,239,橙,ノーマル,オレンジ,追
肉薄,559,橙,レア,オレンジ,追
影踏み,239,橙,ノーマル,オレンジ,追
鬼気迫って,263,橙,ノーマル,オレンジ,中,追
砂の開拓者,508,橙,レア,オレンジ,ダ
パイオニア,217,橙,ノーマル,オレンジ,ダ
熱情,559,橙,レア,オレンジ,マ
滾る想い,239,橙,ノーマル,オレンジ,マ
千載一遇,615,橙,レア,オレンジ,長,追
好機を捉えて,263,橙,ノーマル,オレンジ,長,追
流星光底,559,橙,レア,オレンジ,先
飛躍の予感,239,橙,ノーマル,オレンジ,先
直線コース◎,174,緑,ノーマル,緑,共
直線コース○,129,緑,ノーマル,緑,共
直線コース×,-129,紫,ノーマル,紫,共
掌握,559,橙,レア,オレンジ,追
手練手管,239,橙,ノーマル,オレンジ,追
電迅速攻,559,橙,レア,オレンジ,短
瞬発力,239,橙,ノーマル,オレンジ,短
風翔,559,橙,レア,オレンジ,マ
風切り,239,橙,ノーマル,オレンジ,マ
正攻法,508,橙,レア,オレンジ,共
素直な一歩,217,橙,ノーマル,オレンジ,共
トキメキハート,559,橙,レア,オレンジ,短,マ
胸の高鳴り,239,橙,ノーマル,オレンジ,短,マ
初志貫徹,559,橙,レア,オレンジ,中
揺るがぬ信念,239,橙,ノーマル,オレンジ,中
無二,239,橙,ノーマル,オレンジ,短
無三,239,橙,ノーマル,オレンジ,短
踏みしめる大地,559,橙,レア,オレンジ,ダ,先
力の限り,239,橙,ノーマル,オレンジ,ダ,先
砂塵一閃,508,橙,レア,オレンジ,ダ
ダート直線◎,262,橙,ノーマル,オレンジ,ダ
ダート直線○,217,橙,ノーマル,オレンジ,ダ
砂塵円刃,508,橙,レア,オレンジ,ダ
ダートコーナー◎,262,橙,ノーマル,オレンジ,ダ
ダートコーナー○,217,橙,ノーマル,オレンジ,ダ
王道一途,559,橙,レア,オレンジ,中
正面突破,239,橙,ノーマル,オレンジ,中
強者の証,615,橙,レア,オレンジ,中,先
さらなる高みへ,263,橙,ノーマル,オレンジ,中,先
幕引き,559,橙,レア,オレンジ,先
決定打,239,橙,ノーマル,オレンジ,先
怜悧清澄,696,橙,レア,オレンジ,中
克己心,289,橙,ノーマル,オレンジ,中
本能の解放,559,橙,レア,オレンジ,差,追
むきだしの情熱,239,橙,ノーマル,オレンジ,差,追
豪胆無比,559,橙,レア,オレンジ,マ
後先恐れず,239,橙,ノーマル,オレンジ,マ
一張一弛,559,橙,レア,オレンジ,中
切り替え上手,239,橙,ノーマル,オレンジ,中
清濁併呑,508,橙,レア,オレンジ,ダ
裏腹なキモチ,217,橙,ノーマル,オレンジ,ダ
早業,559,橙,レア,オレンジ,逃
目にも留まらず,239,橙,ノーマル,オレンジ,逃
気の向くままに,263,橙,ノーマル,オレンジ,長,逃
影従打破,559,橙,レア,オレンジ,先
アグレッシブ,239,橙,ノーマル,オレンジ,先
逸る足取り,239,橙,ノーマル,オレンジ,先
連鎖反応,633,青,レア,青,共
端緒,263,青,ノーマル,青,共
烈火の如く,559,橙,レア,オレンジ,中,長
急襲,239,橙,ノーマル,オレンジ,中,長
覚悟を決めて,263,橙,ノーマル,オレンジ,長,逃
切り込み隊長,239,橙,ノーマル,オレンジ,逃
熾烈の極み,559,橙,レア,オレンジ,長
熱狂的,239,橙,ノーマル,オレンジ,長
閃光,559,橙,レア,オレンジ,中
光差す方へ,239,橙,ノーマル,オレンジ,中
駆け降り,239,橙,ノーマル,オレンジ,差
用意周到,559,橙,レア,オレンジ,差
下準備,239,橙,ノーマル,オレンジ,差
追跡者,615,橙,レア,オレンジ,中,追
這い寄る足音,263,橙,ノーマル,オレンジ,中,追
勇猛果敢,559,橙,レア,オレンジ,マ
ハイピッチ,239,橙,ノーマル,オレンジ,マ
真骨頂,508,橙,レア,オレンジ,共
一歩ずつ前へ,217,橙,ノーマル,オレンジ,共
後の先,559,橙,レア,オレンジ,中,長
切り返し,239,橙,ノーマル,オレンジ,中,長
勝負はここから！,615,橙,レア,オレンジ,中,逃
逃げ切り体勢,263,橙,ノーマル,オレンジ,中,逃
英姿颯爽,615,橙,レア,オレンジ,中,逃
破天荒,263,橙,ノーマル,オレンジ,中,逃
追い風に乗って,263,橙,ノーマル,オレンジ,中,逃
努力の結実,615,橙,レア,オレンジ,長,先
地道に重ねて,263,橙,ノーマル,オレンジ,長,先
正々堂々,559,橙,レア,オレンジ,先
己を信じて,239,橙,ノーマル,オレンジ,先
才気煥発,559,橙,レア,オレンジ,中
躍動,239,橙,ノーマル,オレンジ,中
夢の舞台へ,615,橙,レア,オレンジ,中,先
憧れを越えて,263,橙,ノーマル,オレンジ,中,先
ターニングポイント,263,橙,ノーマル,オレンジ,短,差
傑出,559,橙,レア,オレンジ,逃
抜きん出る一歩,239,橙,ノーマル,オレンジ,逃
猛烈激走,559,橙,レア,オレンジ,逃,先
みなぎる闘志,239,橙,ノーマル,オレンジ,逃,先
イニシアチブ,615,橙,レア,オレンジ,短,逃
譲れぬ一歩,263,橙,ノーマル,オレンジ,短,逃
丁々発止,615,橙,レア,オレンジ,短,先
火花散らして,263,橙,ノーマル,オレンジ,短,先
英俊豪傑,633,橙,レア,オレンジ,共
比類なき,263,橙,ノーマル,オレンジ,共
睥睨,696,橙,レア,オレンジ,中,長
覇気十分,289,橙,ノーマル,オレンジ,中,長
垣間見た光,263,橙,ノーマル,オレンジ,中,追
登竜門,239,橙,ノーマル,オレンジ,追
天真爛漫,559,橙,レア,オレンジ,マ
足任せ,239,橙,ノーマル,オレンジ,マ
ステップアップ,239,橙,ノーマル,オレンジ,マ
奮闘,239,橙,ノーマル,オレンジ,長
突破口,559,橙,レア,オレンジ,中
足がかり,239,橙,ノーマル,オレンジ,中
捕捉,239,橙,ノーマル,オレンジ,追
独立独歩,559,橙,レア,オレンジ,差
押し通る！,239,橙,ノーマル,オレンジ,差
見事な砂蹴り,508,橙,レア,オレンジ,ダ
砂蹴り,217,橙,ノーマル,オレンジ,ダ
点滴穿石,508,橙,レア,オレンジ,ダ
精進,217,橙,ノーマル,オレンジ,ダ
ストレートハート,615,橙,レア,オレンジ,中,差
真っ直ぐな走り,263,橙,ノーマル,オレンジ,中,差
唯一無二,559,橙,レア,オレンジ,中
夢への挑戦,239,橙,ノーマル,オレンジ,中
光明,239,橙,ノーマル,オレンジ,中,長
パスファインダー,559,橙,レア,オレンジ,中,長
活路を拓く！,239,橙,ノーマル,オレンジ,中,長
悠久走破,559,橙,レア,オレンジ,中,長
健脚,239,橙,ノーマル,オレンジ,中,長
陽炎,559,橙,レア,オレンジ,差
静かな熱,239,橙,ノーマル,オレンジ,差
アオハル燃焼・速,633,橙,レア,オレンジ,共
アオハル点火・速,263,橙,ノーマル,オレンジ,共
アオハル燃焼・体,633,橙,レア,オレンジ,共
アオハル点火・体,263,橙,ノーマル,オレンジ,共
アオハル燃焼・力,633,橙,レア,オレンジ,共
アオハル点火・力,263,橙,ノーマル,オレンジ,共
アオハル燃焼・根,633,橙,レア,オレンジ,共
アオハル点火・根,263,橙,ノーマル,オレンジ,共
アオハル燃焼・賢,633,橙,レア,オレンジ,共
アオハル点火・賢,263,橙,ノーマル,オレンジ,共
一番星,633,橙,レア,オレンジ,共
綺羅星,263,橙,ノーマル,オレンジ,共
キミと勝ちたい,633,橙,レア,オレンジ,共
夢の途中,263,橙,ノーマル,オレンジ,共
限界の先へ,633,橙,レア,オレンジ,共
前だけ見据えて,263,橙,ノーマル,オレンジ,共
レースの真髄・速,174,橙,ノーマル,オレンジ,共
レースの真髄・体,174,橙,ノーマル,オレンジ,共
レースの真髄・力,174,橙,ノーマル,オレンジ,共
レースの真髄・根,174,橙,ノーマル,オレンジ,共
レースの真髄・賢,174,橙,ノーマル,オレンジ,共
レースの真髄・心,174,緑,ノーマル,緑,共
太陽の叡智,633,橙,レア,オレンジ,共
陽の加護,263,橙,ノーマル,オレンジ,共
大海の叡智,633,橙,レア,オレンジ,共
海の加護,263,橙,ノーマル,オレンジ,共
大地の叡智,633,橙,レア,オレンジ,共
地の加護,263,橙,ノーマル,オレンジ,共
最高峰の夢,633,橙,レア,オレンジ,共
想いを背負って,263,橙,ノーマル,オレンジ,共
爆熱のキラメキ！,696,橙,レア,オレンジ,マ,中
バーニングソウル,289,橙,ノーマル,オレンジ,マ,中
アスリート魂,239,橙,ノーマル,オレンジ,マ,中
私たちの走る道程,696,橙,レア,オレンジ,短,マ
いつまでも健やかに,289,橙,ノーマル,オレンジ,短,マ
食の極意,239,橙,ノーマル,オレンジ,短,マ
もう少しだけ、いい景色,696,橙,レア,オレンジ,中,長
夢の再生方法,289,橙,ノーマル,オレンジ,中,長
新たな伝説を築く者,633,橙,レア,オレンジ,共
時代を変える者,263,橙,ノーマル,オレンジ,共
本能の懸け橋,696,橙,レア,オレンジ,中,長
あるがままに,289,橙,ノーマル,オレンジ,中,長
キラメキの勝負,696,橙,シナリオ進化,ＵＡＦ,ＵＡＦ
燃えてきたッ！！,696,橙,シナリオ進化,ＵＡＦ,ＵＡＦ
ベストを尽くして！,696,橙,シナリオ進化,ＵＡＦ,ＵＡＦ
無二の情熱,696,橙,シナリオ進化,ＵＡＦ,ＵＡＦ
破竹の筋肉,696,橙,シナリオ進化,ＵＡＦ,ＵＡＦ
ステイチューン！,696,橙,シナリオ進化,ＵＡＦ,ＵＡＦ
繋がる高揚感,696,橙,シナリオ進化,ＵＡＦ,ＵＡＦ
敬愛ッ！ウママニア,696,橙,シナリオ進化,豊食祭,豊食祭
お待ちどおさま！,696,橙,シナリオ進化,豊食祭,豊食祭
ここらで味変！,696,橙,シナリオ進化,豊食祭,豊食祭
即席三ツ星コーナリング,696,橙,シナリオ進化,豊食祭,豊食祭
耕せ！開墾スプリント,696,橙,シナリオ進化,豊食祭,豊食祭
曲線のグランシェフ,696,橙,シナリオ進化,豊食祭,豊食祭
モンスターマシン,766,橙,シナリオ進化,メカウマ,メカウマ
リカバリーシーケンス,834,青,シナリオ進化,メカウマ,メカウマ
システムオールグリーン,834,橙,シナリオ進化,メカウマ,メカウマ
リミッター解除,696,橙,シナリオ進化,メカウマ,メカウマ
先頭維持アルゴリズム,696,橙,シナリオ進化,メカウマ,メカウマ
弧線のトップスカラー,696,橙,シナリオ進化,メカウマ,メカウマ
伝説降臨,758,橙,シナリオ進化,Legends,Legends
疾風より先へ,633,橙,シナリオ進化,Legends,Legends
革命の岐路,633,橙,シナリオ進化,Legends,Legends
夢の先駆者,433,橙,シナリオ進化,Legends,Legends
幾星霜が導く一手,696,橙,シナリオ進化,Legends,Legends
雲上飛翔,696,橙,シナリオ進化,Legends,Legends
開拓者の軌跡,696,橙,シナリオ進化,無人島,無人島
未知へのトライアル,696,橙,シナリオ進化,無人島,無人島
不屈のサバイバル魂,696,橙,シナリオ進化,無人島,無人島
大地を揺るがす疾走,696,橙,シナリオ進化,無人島,無人島
ワイルドアットハート,696,橙,シナリオ進化,無人島,無人島
大自然の鼓動,696,橙,シナリオ進化,無人島,無人島
シューティングスター,180,橙,継承,サ行,スペシャルウィーク
先頭の景色は譲らない…！,180,橙,継承,サ行,サイレンススズカ
究極テイオーステップ,180,橙,継承,タ行,トウカイテイオー
紅焔ギア/LP1211-M,180,橙,継承,マ行,マルゼンスキー
煌星のヴォードヴィル,180,橙,継承,ハ行,フジキセキ
勝利の鼓動,180,橙,継承,ア行,オグリキャップ
不沈艦、抜錨ォッ！,180,橙,継承,カ行,ゴールドシップ
カッティング×DRIVE！,180,橙,継承,ア行,ウオッカ
ブリリアント・レッドエース,180,橙,継承,タ行,ダイワスカーレット
ヴィクトリーショット！,180,橙,継承,タ行,タイキシャトル
精神一到何事か成らざらん,180,橙,継承,カ行,グラスワンダー
タイマン！デッドヒート！,180,橙,継承,ハ行,ヒシアマゾン
貴顕の使命を果たすべく,180,橙,継承,マ行,メジロマックイーン
プランチャ☆ガナドール,180,橙,継承,ア行,エルコンドルパサー
ヴィットーリアに捧ぐ舞踏,180,橙,継承,タ行,テイエムオペラオー
Shadow Break,180,橙,継承,ナ行,ナリタブライアン
汝、皇帝の神威を見よ,180,橙,継承,サ行,シンボリルドルフ
ブレイズ・オブ・プライド,180,橙,継承,ア行,エアグルーヴ
尊み☆ﾗｽﾄｽﾊﾟ—(ﾟ∀ﾟ)—ﾄ!,180,橙,継承,ア行,アグネスデジタル
アングリング×スキーミング,180,橙,継承,サ行,セイウンスカイ
白い稲妻、見せたるで！,180,橙,継承,タ行,タマモクロス
Fairy tale,180,橙,継承,ハ行,ファインモーション
∴win Q.E.D.,180,橙,継承,ハ行,ビワハヤヒデ
ひらめき☆ランディング,180,橙,継承,マ行,マヤノトップガン
アナタヲ・オイカケテ,180,橙,継承,マ行,マンハッタンカフェ
G00 1st.F∞;,180,橙,継承,マ行,ミホノブルボン
レッツ・アナボリック！,180,橙,継承,マ行,メジロライアン
I'M☆FULL☆SPEED!!,180,橙,継承,ハ行,ヒシアケボノ
ゆきあかり、おいかけて,180,橙,継承,ヤ行,ユキノビジン
ブルーローズチェイサー,180,橙,継承,ラ行,ライスシャワー
チャージ完了！全速前進！,180,橙,継承,ア行,アイネスフウジン
U=ma2,180,青,継承,ア行,アグネスタキオン
ディオスクロイの流星,180,橙,継承,ア行,アドマイヤベガ
快走かな、快走かな！,180,橙,継承,ア行,イナリワン
勝利のチケットを、君にッ！,180,橙,継承,ア行,ウイニングチケット
trigger:BEAT,180,橙,継承,ア行,エアシャカール
Schwarzes Schwert,180,橙,継承,ア行,エイシンフラッシュ
#LookatCurren,180,橙,継承,カ行,カレンチャン
姫たるもの、勝利をこの手に,180,橙,継承,カ行,カワカミプリンセス
KEEP IT REAL.,180,橙,継承,カ行,ゴールドシチー
優等生×バクシン＝大勝利ッ,180,橙,継承,サ行,サクラバクシンオー
『I'm possible』,180,橙,継承,サ行,シーキングザパール
Ding Dong Boo,180,橙,継承,サ行,シンコウウインディ
いただき☆ストレリチア！,180,橙,継承,サ行,スイープトウショウ
ピュリティオブハート,180,青,継承,サ行,スーパークリーク
キラキラ☆STARDOM,180,橙,継承,サ行,スマートファルコン
掲げよ、己が魂の剣を！,180,橙,継承,サ行,ゼンノロブロイ
YEAH☆VIVID TIME!,180,橙,継承,タ行,トーセンジョーダン
剣ヶ峰より、狂気に嗤え,180,橙,継承,ナ行,ナカヤマフェスタ
Nemesis,180,橙,継承,ナ行,ナリタタイシン
つぼみ、ほころぶ時,180,橙,継承,ナ行,ニシノフラワー
ワクワククライマックス,180,青,継承,ハ行,ハルウララ
熱血！！風紀アタック,180,橙,継承,ハ行,バンブーメモリー
疾風爆走ペガサスダッシュ！,180,橙,継承,ハ行,ビコーペガサス
万彩☆マーベラス★世界,180,橙,継承,マ行,マーベラスサンデー
来ます来てます来させます！,180,橙,継承,マ行,マチカネフクキタル
叙情、旅路の果てに,180,橙,継承,マ行,ミスターシービー
I Never Goof Up!,180,橙,継承,マ行,メイショウドトウ
彼方、その先へ…,180,橙,継承,マ行,メジロドーベル
きっとその先へ…！,180,橙,継承,ナ行,ナイスネイチャ
Pride of KING,180,橙,継承,カ行,キングヘイロー
どんっ、パッ、むんっ,180,青,継承,マ行,マチカネタンホイザ
百錬成鋼,180,橙,継承,ア行,イクノディクタス
ぶっちぎりロード,180,青,継承,マ行,メジロパーマー
アゲてアゲてぷちょへんざ！,180,橙,継承,タ行,ダイタクヘリオス
エンジン全開！大噴射！,180,橙,継承,タ行,ツインターボ
晦冥を照らせ永遠の耀き,180,橙,継承,サ行,サトノダイヤモンド
勝ち鬨ワッショイ！,180,橙,継承,カ行,キタサンブラック
憧れは桜を越える！,180,橙,継承,サ行,サクラチヨノオー
セイリオス,180,橙,継承,サ行,シリウスシンボリ
一期の夢、刹那の飛翔,180,橙,継承,マ行,メジロアルダン
烈火繚乱、無敵之舞,180,橙,継承,ヤ行,ヤエノムテキ
燃え盛るは絶対の意志,180,橙,継承,タ行,ツルマルツヨシ
麗しき花信風,180,橙,継承,マ行,メジロブライト
花開き、世界,180,橙,継承,サ行,サクラローレル
Road to Glory,180,橙,継承,ナ行,ナリタトップロード
風光る,180,橙,継承,ヤ行,ヤマニンゼファー
『船橋最強！』,180,橙,継承,ハ行,フリオーソ
Info: Acquired,180,橙,継承,タ行,トランセンド
Shining Runway,180,橙,継承,ナ行,ノースフライト
Mission: Triumph,180,橙,継承,サ行,シンボリクリスエス
霹靂のアウフヘーベン,180,橙,継承,タ行,タニノギムレット
至上であれ,180,橙,継承,タ行,ダイイチルビー
愛と熔けよただ熔けよ,180,橙,継承,マ行,メジロラモーヌ
Silent letter,180,橙,継承,ア行,アストンマーチャン
Reversal Illusion,180,橙,継承,サ行,サトノクラウン
Celeste Oath,180,橙,継承,サ行,シュヴァルグラン
Queen's Rebirth,180,橙,継承,ア行,ヴィルシーナ
デラックス☆ファウンテン,180,橙,継承,ア行,ヴィブロス
幸せの青い光,180,橙,継承,カ行,ケイエスミラクル
Faith in the Feral,180,橙,継承,サ行,ジャングルポケット
知宵欺敵、百戦不殆,180,橙,継承,ナ行,ノーリーズン
理運開かりて翔る,180,橙,継承,カ行,コパノリッキー
かがやけ☆とまこまい,180,橙,継承,ハ行,ホッコータルマエ
Never Say Never,180,橙,継承,ワ行,ワンダーアキュート
ヴィヴァーチェ・ヴォラーレ,180,青,継承,サ行,サウンズオブアース
暁の御旗『葛城栄主』！,180,橙,継承,カ行,カツラギエース
アド・アストラ,180,橙,継承,ナ行,ネオユニヴァース
Bang☆ミラクるわせ！,180,橙,継承,ハ行,ヒシミラクル
Billions of stars,180,橙,継承,タ行,タップダンスシチー
羅刹、赤翼にて天上へ至らん,180,橙,継承,タ行,ドゥラメンテ
繋ぐ・繋がる×夢・未来,180,橙,継承,ラ行,ラインクラフト
Guiding Sea,180,橙,継承,サ行,シーザリオ
辿る血脈、芽吹く未来,180,橙,継承,ア行,エアメサイア
我が覇道、阻むものなし,198,橙,継承,ア行,オルフェーヴル
烈華の洗礼,180,橙,継承,サ行,ジェンティルドンナ
鋭気のアレグロ,180,橙,継承,ア行,ウインバリアシオン
『それでは、よき旅を』,180,橙,継承,タ行,ドリームジャーニー
無二無三なる一条の路,180,橙,継承,カ行,カルストンライトオ
Lame de vent,180,橙,継承,タ行,デュランダル
ふくらむ夢、先駆の途,180,橙,継承,ハ行,バブルガムフェロー
対象捕捉！正義遂行！,180,橙,継承,ハ行,フェノーメノ
¡Qué alegría!,180,橙,継承,カ行,グランアレグリア
Circulating Love♡,198,橙,継承,ラ行,ラヴズオンリーユー
Weaving History,198,橙,継承,カ行,クロノジェネシス
わやかわ♪マリンダイヴ,180,青,継承,サ行,スペシャルウィーク
水平線のその先へ,180,橙,継承,サ行,サイレンススズカ
絶対は、ボクだ,180,橙,継承,タ行,トウカイテイオー
グッときて♪Chu,180,橙,継承,マ行,マルゼンスキー
Ravissant,180,橙,継承,ハ行,フジキセキ
聖夜のミラクルラン！,180,橙,継承,ア行,オグリキャップ
Adventure of 564,180,橙,継承,カ行,ゴールドシップ
Into High Gear!,180,橙,継承,ア行,ウオッカ
Queen's Lumination,180,橙,継承,タ行,ダイワスカーレット
Joyful Voyage!,180,橙,継承,タ行,タイキシャトル
ゲインヒール・スペリアー,180,青,継承,カ行,グラスワンダー
大盛り！ファーストバイト！,180,橙,継承,ハ行,ヒシアマゾン
最強の名を懸けて,180,橙,継承,マ行,メジロマックイーン
コンドル猛撃波,180,橙,継承,ア行,エルコンドルパサー
恵福バルカローレ,180,橙,継承,タ行,テイエムオペラオー
灰色の臨界点,180,橙,継承,ナ行,ナリタブライアン
翳り退く、さざめきの矢,180,橙,継承,サ行,シンボリルドルフ
薫風、永遠なる瞬間を,180,橙,継承,ア行,エアグルーヴ
萌到讓我活過來了！,180,橙,継承,ア行,アグネスデジタル
Do Ya Breakin!,180,橙,継承,サ行,セイウンスカイ
火神鳴,180,橙,継承,タ行,タマモクロス
Best day ever,180,橙,継承,ハ行,ファインモーション
Presents from X,180,橙,継承,ハ行,ビワハヤヒデ
フラワリー☆マニューバ,180,橙,継承,マ行,マヤノトップガン
心からのおもてにゃし,180,橙,継承,マ行,マンハッタンカフェ
オペレーション・Cacao,180,橙,継承,マ行,ミホノブルボン
あなたに捧げるフリーポア,180,橙,継承,マ行,メジロライアン
いっぱいおあげんしぇ！,180,橙,継承,ヤ行,ユキノビジン
Drain for rose,180,青,継承,ラ行,ライスシャワー
フレッシュ☆パーラー,180,橙,継承,ア行,アイネスフウジン
夏空ハレーション,180,橙,継承,ア行,アグネスタキオン
Crystal Mist,198,橙,継承,ア行,アドマイヤベガ
灯穂,180,橙,継承,ア行,イナリワン
夢の先へ、届け！,180,橙,継承,ア行,ウイニングチケット
...found you.,180,橙,継承,ア行,エアシャカール
Guten Appetit♪,180,橙,継承,ア行,エイシンフラッシュ
One True Color,180,橙,継承,カ行,カレンチャン
快なる剛力,180,橙,継承,カ行,カワカミプリンセス
GET DOWN,180,橙,継承,カ行,ゴールドシチー
CHERRY☆スクランブル,180,橙,継承,サ行,サクラバクシンオー
Oh!bento-magic☆,180,橙,継承,サ行,シーキングザパール
とっておきmaterialize,180,橙,継承,サ行,スイープトウショウ
ぐるぐるマミートリック♡,180,橙,継承,サ行,スーパークリーク
α-star*,180,橙,継承,サ行,スマートファルコン
未知との遭遇、即ち物語,180,橙,継承,サ行,ゼンノロブロイ
GALmem.ふぉーえば♪,180,橙,継承,タ行,トーセンジョーダン
Hephaistos,180,橙,継承,ナ行,ナリタタイシン
Flowering Dreams,180,橙,継承,ナ行,ニシノフラワー
113転び114起き,180,橙,継承,ハ行,ハルウララ
奥義・常夏バーニング！！,180,橙,継承,ハ行,バンブーメモリー
禾スナハチ登ル,180,橙,継承,マ行,マチカネフクキタル
爛然闊歩,180,橙,継承,マ行,ミスターシービー
Spooky-Scary-Happy,180,橙,継承,マ行,メイショウドトウ
ときめきが呼ぶほうへ,180,橙,継承,マ行,メジロドーベル
Go☆Go☆for it!,180,橙,継承,ナ行,ナイスネイチャ
轟！トレセン応援団！！,180,橙,継承,カ行,キングヘイロー
ごろりん！？パワードライブ,180,橙,継承,マ行,マチカネタンホイザ
jingle all the way,180,橙,継承,マ行,メジロパーマー
ノッてけ、マッシュアップ！,180,橙,継承,タ行,ダイタクヘリオス
玄雲散らす、黄金甲矢,180,橙,継承,サ行,サトノダイヤモンド
あっぱれ大盤振る舞い！,180,橙,継承,カ行,キタサンブラック
咲け咲け！私！,180,橙,継承,サ行,サクラチヨノオー
駆るは光、狩るは星々,180,橙,継承,サ行,シリウスシンボリ
Danser le présent,180,橙,継承,マ行,メジロアルダン
剛勇果断、烈火之刀,180,橙,継承,ヤ行,ヤエノムテキ
Illuminate you,180,青,継承,マ行,メジロブライト
Joy to the World,180,橙,継承,ナ行,ナリタトップロード
Breezy Treat,180,橙,継承,ヤ行,ヤマニンゼファー
Immortal Work,180,橙,継承,サ行,シンボリクリスエス
深淵のテルプシコラー,180,橙,継承,タ行,タニノギムレット
蒼炎,180,橙,継承,タ行,ダイイチルビー
解けぬ結い目,198,橙,継承,マ行,メジロラモーヌ
ふわもこアワー,198,橙,継承,ア行,アストンマーチャン
五獣挙りて彩光奏づ,180,橙,継承,カ行,コパノリッキー
とびだせ☆ポッピングシェル,180,橙,継承,ハ行,ホッコータルマエ
決意一筆,198,橙,継承,カ行,カツラギエース
Encounter with U,180,橙,継承,ナ行,ネオユニヴァース
Romantic Horizon,198,橙,継承,タ行,タップダンスシチー
時かけるせせらぎ,198,橙,継承,サ行,シーザリオ
威風堂々、夢錦！,180,橙,継承,サ行,スペシャルウィーク
歌舞歓楽や、ああをかし,180,橙,継承,タ行,トウカイテイオー
霊験灼然チョベリグ神託,180,橙,継承,マ行,マルゼンスキー
Vive la GOLD,198,橙,継承,カ行,ゴールドシップ
演舞・撫子大薙刀,180,橙,継承,カ行,グラスワンダー
きらめくは海、まばゆきは君,180,橙,継承,マ行,メジロマックイーン
勝利ヘ至ル累積,180,橙,継承,ハ行,ビワハヤヒデ
HOP STEP♪LOCK ON!,180,青,継承,マ行,マヤノトップガン
あおぞらクッキング♪,180,橙,継承,ラ行,ライスシャワー
超光速微粒子の可能性,180,橙,継承,ア行,アグネスタキオン
GO! Full-send,180,橙,継承,ア行,ウイニングチケット
潮風のGeschenk,198,橙,継承,ア行,エイシンフラッシュ
Silent Sunset Gold,180,橙,継承,カ行,ゴールドシチー
忍法・ほほえみ心結の印,180,青,継承,サ行,スーパークリーク
Forward March!,180,橙,継承,サ行,スマートファルコン
Overdrive Speed,180,橙,継承,ナ行,ナリタタイシン
もちっと・ハレハレ,180,橙,継承,ナ行,ナイスネイチャ
理想へのwinding road,180,橙,継承,カ行,キングヘイロー
ポンテ・デ・ディアマン,180,橙,継承,サ行,サトノダイヤモンド
ミンナノアタシへ！,180,橙,継承,カ行,キタサンブラック
はらぺこ大将,696,青,本体進化,サ行,スペシャルウィーク
夢叶える末脚,633,橙,本体進化,サ行,スペシャルウィーク
真夏の思い切り,696,橙,本体進化,サ行,スペシャルウィーク
真夏の総大将,633,橙,本体進化,サ行,スペシャルウィーク
怒涛の出陣,696,橙,本体進化,サ行,スペシャルウィーク
日之本一のド根性,696,橙,本体進化,サ行,スペシャルウィーク
最大集中,461,橙,本体進化,サ行,サイレンススズカ
異次元の逃亡者,696,橙,本体進化,サ行,サイレンススズカ
瑠璃色エスケイプ,696,橙,本体進化,サ行,サイレンススズカ
滄海を越えしフーガ,696,橙,本体進化,サ行,サイレンススズカ
蒼天を駆けるラーファガ,433,橙,本体進化,サ行,サイレンススズカ
天才的技巧,433,橙,本体進化,タ行,トウカイテイオー
帝王ステップ,507,橙,本体進化,タ行,トウカイテイオー
レースの天才,696,青,本体進化,タ行,トウカイテイオー
地平の彼方まで,696,青,本体進化,タ行,トウカイテイオー
天賦の身ごなし,696,橙,本体進化,タ行,トウカイテイオー
盤楽遊嬉,696,青,本体進化,タ行,トウカイテイオー
朝腹、朝腹、かやすしや♪,696,橙,本体進化,タ行,トウカイテイオー
かっ飛ばすわよ！,696,橙,本体進化,マ行,マルゼンスキー
紅蓮のオーバーレブ,696,橙,本体進化,マ行,マルゼンスキー
ドキッ☆じゃじゃウマ娘！,696,青,本体進化,マ行,マルゼンスキー
お立ち台の支配者,696,橙,本体進化,マ行,マルゼンスキー
天女の羽衣,477,橙,本体進化,マ行,マルゼンスキー
神薙ダンス,766,橙,本体進化,マ行,マルゼンスキー
輝くトップスタァ,433,橙,本体進化,ハ行,フジキセキ
エンターテイナー,696,青,本体進化,ハ行,フジキセキ
煌めく“キセキ”を,696,青,本体進化,ハ行,フジキセキ
圧巻のトリック,633,赤,本体進化,ハ行,フジキセキ
見惚れるコーナリング,633,橙,本体進化,ハ行,フジキセキ
煌めきのトップスタァ,696,橙,本体進化,ハ行,フジキセキ
笠松の食いしん坊,696,青,本体進化,ア行,オグリキャップ
飢えた怪物,696,青,本体進化,ア行,オグリキャップ
怪物的コーナリング,633,橙,本体進化,ア行,オグリキャップ
ドカ食い養生,696,青,本体進化,ア行,オグリキャップ
クリスマスの奇跡体験,696,橙,本体進化,ア行,オグリキャップ
564アイズで視界クッキリ！,433,橙,本体進化,カ行,ゴールドシップ
エクストリーム下校術,696,青,本体進化,カ行,ゴールドシップ
神秘体験！ゴルシワープ,696,橙,本体進化,カ行,ゴールドシップ
イカ揚げ、いかがですか！？,696,橙,本体進化,カ行,ゴールドシップ
高まってきたぜぇ！！,696,橙,本体進化,カ行,ゴールドシップ
押し寄せるジュテーム,696,橙,本体進化,カ行,ゴールドシップ
荒磯好みの黄金船,508,緑,本体進化,カ行,ゴールドシップ
スキットルブレイク,633,青,本体進化,ア行,ウオッカ
抜群の豪脚,696,橙,本体進化,ア行,ウオッカ
ぶっ差してやるぜ！,461,橙,本体進化,ア行,ウオッカ
最速のトップギア,696,橙,本体進化,ア行,ウオッカ
パーフェクトチューン,696,橙,本体進化,タ行,ダイワスカーレット
アタシが勝つんだから！,696,青,本体進化,タ行,ダイワスカーレット
おてんば女王,696,青,本体進化,タ行,ダイワスカーレット
開かれる夢の扉,696,橙,本体進化,タ行,ダイワスカーレット
狙い撃ちデス！,696,橙,本体進化,タ行,タイキシャトル
Frontier Spirit,696,橙,本体進化,タ行,タイキシャトル
アドベンチャーの先導者,696,橙,本体進化,タ行,タイキシャトル
真剣勝負デス！,696,橙,本体進化,タ行,タイキシャトル
大和撫子,696,橙,本体進化,カ行,グラスワンダー
不退転の意思,696,橙,本体進化,カ行,グラスワンダー
キュアリーヒール,696,青,本体進化,カ行,グラスワンダー
勇気の魔法,696,青,本体進化,カ行,グラスワンダー
射貫く蒼,766,橙,本体進化,カ行,グラスワンダー
勝機到来,696,橙,本体進化,カ行,グラスワンダー
勝利への咆哮,696,橙,本体進化,ハ行,ヒシアマゾン
タイマンにかける執念,696,橙,本体進化,ハ行,ヒシアマゾン
怒濤のポロロッカ,696,橙,本体進化,ハ行,ヒシアマゾン
熱烈エンゲージ！,696,橙,本体進化,ハ行,ヒシアマゾン
闘魂入刀！,766,橙,本体進化,ハ行,ヒシアマゾン
誓いの一振り,766,橙,本体進化,ハ行,ヒシアマゾン
メジロの心得,696,橙,本体進化,マ行,メジロマックイーン
名優の余裕,696,青,本体進化,マ行,メジロマックイーン
アクティブレスト,696,青,本体進化,マ行,メジロマックイーン
空の果てまで,633,橙,本体進化,マ行,メジロマックイーン
夏の名優,696,橙,本体進化,マ行,メジロマックイーン
一意専心にリフレッシュ！,766,青,本体進化,マ行,メジロマックイーン
鷹ノ目,433,橙,本体進化,ア行,エルコンドルパサー
余裕のパフォーマンス,696,青,本体進化,ア行,エルコンドルパサー
豪勇無双,696,橙,本体進化,ア行,エルコンドルパサー
コンドル跳躍術,696,橙,本体進化,ア行,エルコンドルパサー
昇りコンドル,696,橙,本体進化,ア行,エルコンドルパサー
降臨！世紀末覇王！,696,橙,本体進化,タ行,テイエムオペラオー
歌劇王の行進,696,橙,本体進化,タ行,テイエムオペラオー
円舞曲のマエストロ,633,青,本体進化,タ行,テイエムオペラオー
コーナーに舞い降りし歌劇王,696,青,本体進化,タ行,テイエムオペラオー
ボクは遅れずにやってくる！,696,橙,本体進化,タ行,テイエムオペラオー
一刀両断,633,橙,本体進化,ナ行,ナリタブライアン
餓狼牙,633,橙,本体進化,ナ行,ナリタブライアン
BLAZING WOLF,696,橙,本体進化,ナ行,ナリタブライアン
渇望する怪物,766,橙,本体進化,ナ行,ナリタブライアン
皇帝の眼差し,696,橙,本体進化,サ行,シンボリルドルフ
鎧袖一触,633,橙,本体進化,サ行,シンボリルドルフ
神色自若,696,青,本体進化,サ行,シンボリルドルフ
風霜高潔,508,緑,本体進化,サ行,シンボリルドルフ
女帝の権謀,433,橙,本体進化,ア行,エアグルーヴ
水月鏡花,394,橙,本体進化,ア行,エアグルーヴ
女帝の矜持,433,橙,本体進化,ア行,エアグルーヴ
上弦のソムリエール,633,橙,本体進化,ア行,エアグルーヴ
限界ウママニア,633,橙,本体進化,ア行,アグネスデジタル
最前列は譲れない！,461,橙,本体進化,ア行,アグネスデジタル
狙うは最前ドセンへの道！,507,橙,本体進化,ア行,アグネスデジタル
超特急入稿！,633,橙,本体進化,ア行,アグネスデジタル
たぎってきたぁ～～っ！！,633,橙,本体進化,ア行,アグネスデジタル
尊みを求めてふっかーーつ！,633,橙,本体進化,ア行,アグネスデジタル
ファストリトリーブ,696,橙,本体進化,サ行,セイウンスカイ
大物狙いの心得,696,青,本体進化,サ行,セイウンスカイ
脱出大作戦,696,橙,本体進化,サ行,セイウンスカイ
逃げろ～♪,696,橙,本体進化,サ行,セイウンスカイ
サプライズ大成功～☆,696,橙,本体進化,サ行,セイウンスカイ
レコードランナー,696,橙,本体進化,サ行,セイウンスカイ
雷騰雲奔,696,橙,本体進化,タ行,タマモクロス
ちゃちゃっと始めんで！,696,橙,本体進化,タ行,タマモクロス
尻尾の有頂天,633,橙,本体進化,タ行,タマモクロス
先達に献ぐ祈りの頌,696,橙,本体進化,タ行,タマモクロス
さあ、ウチとやろうや！,633,橙,本体進化,タ行,タマモクロス
ほな、行くで！,633,橙,本体進化,タ行,タマモクロス
ロイヤルスター,696,橙,本体進化,ハ行,ファインモーション
天空落とし,433,橙,本体進化,ハ行,ファインモーション
思い出を力に変えて,696,橙,本体進化,ハ行,ファインモーション
モリガンの矛戟,696,橙,本体進化,ハ行,ファインモーション
理想へ向かう覚悟,696,橙,本体進化,ハ行,ファインモーション
想定通り、余裕十分,696,青,本体進化,ハ行,ビワハヤヒデ
計画的クールダウン,696,青,本体進化,ハ行,ビワハヤヒデ
VIPな後ろ姿,696,青,本体進化,ハ行,ビワハヤヒデ
全力サンタクロース,633,橙,本体進化,ハ行,ビワハヤヒデ
シミュレートグラス・オン,766,橙,本体進化,ハ行,ビワハヤヒデ
ネオンの尾を引いて,917,青,本体進化,ハ行,ビワハヤヒデ
You copy?,633,青,本体進化,マ行,マヤノトップガン
I copy!,461,橙,本体進化,マ行,マヤノトップガン
純白のささやき,696,赤,本体進化,マ行,マヤノトップガン
バレルロール,633,青,本体進化,マ行,マヤノトップガン
お先に☆テールウィンド,766,橙,本体進化,マ行,マヤノトップガン
コックピット・マジシャン,696,橙,本体進化,マ行,マヤノトップガン
コーヒーブレイク,696,青,本体進化,マ行,マンハッタンカフェ
オイテイカナイデ,559,赤,本体進化,マ行,マンハッタンカフェ
迫りくる宵闇,696,橙,本体進化,マ行,マンハッタンカフェ
玄界領域,766,橙,本体進化,マ行,マンハッタンカフェ
クロックアップ,433,橙,本体進化,マ行,ミホノブルボン
困難を乗り越える者,696,青,本体進化,マ行,ミホノブルボン
完璧なエラー対処術,696,橙,本体進化,マ行,ミホノブルボン
甘さ控えめエスケープ,696,橙,本体進化,マ行,ミホノブルボン
パーフェクトブート,461,橙,本体進化,マ行,ミホノブルボン
マッスルアンセム,696,橙,本体進化,マ行,メジロライアン
ライジングバルクアップ,696,橙,本体進化,マ行,メジロライアン
夢叶える決意を授けましょう,433,橙,本体進化,マ行,メジロライアン
至高の勝利を召し上がれ,633,橙,本体進化,マ行,メジロライアン
踏み出す勇気をご覧あれ,633,橙,本体進化,マ行,メジロライアン
下ごしらえ万全！,507,橙,本体進化,ハ行,ヒシアケボノ
ボーノな健啖家,696,青,本体進化,ハ行,ヒシアケボノ
はっけよい！,766,橙,本体進化,ハ行,ヒシアケボノ
憧れのシチーガール,461,橙,本体進化,ヤ行,ユキノビジン
雪国仕込みの直滑降,433,橙,本体進化,ヤ行,ユキノビジン
決意の根性娘,433,橙,本体進化,ヤ行,ユキノビジン
もうひとけっぱり！,696,橙,本体進化,ヤ行,ユキノビジン
曲線に舞う深雪,633,橙,本体進化,ヤ行,ユキノビジン
下弦の雪月花,696,橙,本体進化,ヤ行,ユキノビジン
決意のヒーロー,433,橙,本体進化,ラ行,ライスシャワー
黒の刺客,696,青,本体進化,ラ行,ライスシャワー
がんばるぞー…おー！,696,青,本体進化,ラ行,ライスシャワー
トリック&トリート,633,赤,本体進化,ラ行,ライスシャワー
山頂でイタダキマス,696,橙,本体進化,ラ行,ライスシャワー
淀の祝福,508,緑,本体進化,ラ行,ライスシャワー
じゃじゃウマお姉ちゃん,696,青,本体進化,ア行,アイネスフウジン
荒ぶる風神,696,橙,本体進化,ア行,アイネスフウジン
オーダーはバッチリ！,461,橙,本体進化,ア行,アイネスフウジン
華麗なサーブ,696,橙,本体進化,ア行,アイネスフウジン
可能性の徒,696,橙,本体進化,ア行,アグネスタキオン
効率的休息法,696,青,本体進化,ア行,アグネスタキオン
ラプラスの悪魔,615,緑,本体進化,ア行,アグネスタキオン
眩耀のルクシオン,696,橙,本体進化,ア行,アグネスタキオン
光速を超える粒子,766,橙,本体進化,ア行,アグネスタキオン
被験体観察,633,橙,本体進化,ア行,アグネスタキオン
静かな誓い,696,青,本体進化,ア行,アドマイヤベガ
己身焦がすほうき星,696,橙,本体進化,ア行,アドマイヤベガ
アル・ワーキを追いかけて,766,橙,本体進化,ア行,アドマイヤベガ
氷星融解,696,橙,本体進化,ア行,アドマイヤベガ
火消の梯子登り,633,橙,本体進化,ア行,イナリワン
熟練の砂塵使い,633,青,本体進化,ア行,イナリワン
粋でいなせな達人技,696,青,本体進化,ア行,イナリワン
扇ノ舞,696,橙,本体進化,ア行,イナリワン
大見得切り,696,橙,本体進化,ア行,イナリワン
韋駄天ノ襲脚,766,橙,本体進化,ア行,イナリワン
たゆまぬ努力,433,橙,本体進化,ア行,ウイニングチケット
ウイニングロード,696,橙,本体進化,ア行,ウイニングチケット
千万バリキ！！！,433,橙,本体進化,ア行,ウイニングチケット
きっと飛べる！,696,橙,本体進化,ア行,ウイニングチケット
全・力・ワク・ワク！！,696,橙,本体進化,ア行,ウイニングチケット
Dreamer's Path,696,橙,本体進化,ア行,ウイニングチケット
アップリフティング,696,橙,本体進化,ア行,エアシャカール
Lose Myself,696,橙,本体進化,ア行,エアシャカール
Gluttony's Grip,559,赤,本体進化,ア行,エアシャカール
ノイズキャンセリング,559,赤,本体進化,ア行,エアシャカール
刑苦,696,橙,本体進化,ア行,エアシャカール
閃光のマギア,394,橙,本体進化,ア行,エイシンフラッシュ
誇りを懸けて,633,橙,本体進化,ア行,エイシンフラッシュ
勝利のレシピ,696,橙,本体進化,ア行,エイシンフラッシュ
仕込みは完璧,696,青,本体進化,ア行,エイシンフラッシュ
黒い閃光,696,橙,本体進化,ア行,エイシンフラッシュ
Ritter von Fuchu,508,緑,本体進化,ア行,エイシンフラッシュ
閃光の奔流,696,橙,本体進化,ア行,エイシンフラッシュ
#カワイイかく乱♪,433,赤,本体進化,カ行,カレンチャン
#夢中になっちゃえ♪,696,赤,本体進化,カ行,カレンチャン
#カレンに染まってみる？,696,赤,本体進化,カ行,カレンチャン
心奪われる閃光,696,橙,本体進化,カ行,カレンチャン
#ビューティースプリント,696,橙,本体進化,カ行,カレンチャン
ノンストッププリンセス,461,橙,本体進化,カ行,カワカミプリンセス
暴れ龍,696,橙,本体進化,カ行,カワカミプリンセス
トップ・オブ・ザ・姫！,696,橙,本体進化,カ行,カワカミプリンセス
爆走猛姫☆急転直下！！,696,橙,本体進化,カ行,カワカミプリンセス
先見の明,696,青,本体進化,カ行,ゴールドシチー
ランウェイの主役,696,橙,本体進化,カ行,ゴールドシチー
フィナーレの先頭へ,696,橙,本体進化,カ行,ゴールドシチー
鮮やかな布陣,696,赤,本体進化,カ行,ゴールドシチー
虎視眈々,696,青,本体進化,カ行,ゴールドシチー
Wild Runway,696,橙,本体進化,カ行,ゴールドシチー
黄金の炎陽,696,橙,本体進化,カ行,ゴールドシチー
バクシン的スプリント！,696,橙,本体進化,サ行,サクラバクシンオー
バクシン的リード！,696,橙,本体進化,サ行,サクラバクシンオー
猪突猛進！バクシンロード！,696,橙,本体進化,サ行,サクラバクシンオー
驀進！爆進！バクシーン！,696,橙,本体進化,サ行,サクラバクシンオー
世界を貫く至高の輝き,696,橙,本体進化,サ行,シーキングザパール
パール流ダンスバトル,433,橙,本体進化,サ行,シーキングザパール
ミストラルに乗って,696,橙,本体進化,サ行,シーキングザパール
海の底からキラめいて…☆,696,橙,本体進化,サ行,シーキングザパール
全速前進なのだ！,633,橙,本体進化,サ行,シンコウウインディ
いたずらマイスター,508,緑,本体進化,サ行,シンコウウインディ
泥んこ魔王様,508,緑,本体進化,サ行,シンコウウインディ
放課後魔法少女,696,青,本体進化,サ行,スイープトウショウ
チャームマジック,696,赤,本体進化,サ行,スイープトウショウ
サルビア☆スプレンデンス,696,橙,本体進化,サ行,スイープトウショウ
シルフィード・マギア,696,橙,本体進化,サ行,スイープトウショウ
緊急魔力ブースト,696,橙,本体進化,サ行,スイープトウショウ
あま～い幻惑,433,橙,本体進化,サ行,スーパークリーク
癒しのマエストロ,633,青,本体進化,サ行,スーパークリーク
お世話のプロフェッショナル,633,橙,本体進化,サ行,スーパークリーク
魅惑のマミーウィスパー,696,赤,本体進化,サ行,スーパークリーク
流水流走,696,橙,本体進化,サ行,スーパークリーク
神仙蝶変の術,766,橙,本体進化,サ行,スーパークリーク
大注目のウマドル参上★,394,橙,本体進化,サ行,スマートファルコン
目を逸らしちゃダメだよ☆,394,橙,本体進化,サ行,スマートファルコン
ウマドルパワー急上昇↑↑,633,橙,本体進化,サ行,スマートファルコン
夢に向かって急上昇！,633,橙,本体進化,サ行,スマートファルコン
最高峰のステージに！,633,橙,本体進化,サ行,スマートファルコン
絶対的センター！,633,橙,本体進化,サ行,スマートファルコン
立ち位置ゼロ番！,461,橙,本体進化,サ行,スマートファルコン
爆レスあげちゃう☆,834,橙,本体進化,サ行,スマートファルコン
英雄への道標,696,青,本体進化,サ行,ゼンノロブロイ
物語を紡ぐ者,696,青,本体進化,サ行,ゼンノロブロイ
光輝く剣,696,橙,本体進化,サ行,ゼンノロブロイ
勇躍閃々,696,橙,本体進化,サ行,ゼンノロブロイ
嵐纏いし英雄は往く,508,緑,本体進化,サ行,ゼンノロブロイ
ノってこ！,696,橙,本体進化,タ行,トーセンジョーダン
トレンドプランナー,696,青,本体進化,タ行,トーセンジョーダン
ワンチャンまくったる！,696,橙,本体進化,タ行,トーセンジョーダン
あたししか勝たん！,766,橙,本体進化,タ行,トーセンジョーダン
あたしサイコーじゃん！,766,橙,本体進化,タ行,トーセンジョーダン
乾坤一擲の大博打,394,橙,本体進化,ナ行,ナカヤマフェスタ
鉄火のギャンブラー,633,緑,本体進化,ナ行,ナカヤマフェスタ
鬼気森然,696,青,本体進化,ナ行,ナリタタイシン
駆り立てる想い,696,橙,本体進化,ナ行,ナリタタイシン
見せつけてやる！,696,橙,本体進化,ナ行,ナリタタイシン
起死回生の出力,696,橙,本体進化,ナ行,ナリタタイシン
ゼロレイテンシ,696,橙,本体進化,ナ行,ナリタタイシン
不撓のLimit Breaker,696,橙,本体進化,ナ行,ナリタタイシン
風花疾走,633,橙,本体進化,ナ行,ニシノフラワー
一輪の勇気,633,橙,本体進化,ナ行,ニシノフラワー
大輪の決意,433,橙,本体進化,ナ行,ニシノフラワー
祝福のフラワーガール,696,橙,本体進化,ナ行,ニシノフラワー
ヴェール揺らす春疾風,696,橙,本体進化,ナ行,ニシノフラワー
末永く、寄り添う花,696,橙,本体進化,ナ行,ニシノフラワー
まだまだだよ！,633,青,本体進化,ハ行,ハルウララ
まけないからね！,633,青,本体進化,ハ行,ハルウララ
見てて見てて！,394,橙,本体進化,ハ行,ハルウララ
勝ちたいんだもん！,394,橙,本体進化,ハ行,ハルウララ
がんばるもん！,433,橙,本体進化,ハ行,ハルウララ
風紀の登龍門,696,橙,本体進化,ハ行,バンブーメモリー
龍虎相搏,766,橙,本体進化,ハ行,バンブーメモリー
押忍ッ！気合十分っス！,696,橙,本体進化,ハ行,バンブーメモリー
熱血進化ライディング！,696,橙,本体進化,ハ行,バンブーメモリー
必殺！爆速スプリント！,696,橙,本体進化,ハ行,バンブーメモリー
急行！ヒーロー参上！,696,橙,本体進化,ハ行,ビコーペガサス
必殺・雷電キーック！,696,橙,本体進化,ハ行,ビコーペガサス
ワクワク☆マーベラスゾーン,696,橙,本体進化,マ行,マーベラスサンデー
ギュンギュンのマーベラス☆,696,橙,本体進化,マ行,マーベラスサンデー
進め！世界マーベラス計画☆,461,橙,本体進化,マ行,マーベラスサンデー
吉兆です！,433,橙,本体進化,マ行,マチカネフクキタル
七福即生,394,緑,本体進化,マ行,マチカネフクキタル
怒涛の超幸運パワー！,696,橙,本体進化,マ行,マチカネフクキタル
ばっちり開運体験！,696,橙,本体進化,マ行,マチカネフクキタル
天翔る足取り,696,橙,本体進化,マ行,ミスターシービー
弾む大地,696,橙,本体進化,マ行,ミスターシービー
奪目の宙乗り,696,橙,本体進化,マ行,ミスターシービー
さァさ、お立ち合い！,766,橙,本体進化,マ行,ミスターシービー
怒涛のスピード,696,橙,本体進化,マ行,メイショウドトウ
諦めない、ですぅ～！,633,青,本体進化,マ行,メイショウドトウ
ライバルがいるから！,696,橙,本体進化,マ行,メイショウドトウ
心に灯す闘志,696,橙,本体進化,マ行,メイショウドトウ
魂の導き手,633,青,本体進化,マ行,メイショウドトウ
クールな視線,696,赤,本体進化,マ行,メジロドーベル
栄光への羽ばたき,696,橙,本体進化,マ行,メジロドーベル
淀の女王,508,緑,本体進化,マ行,メジロドーベル
もっと冒険してみたい！,696,橙,本体進化,マ行,メジロドーベル
自信持って踏み出して,696,橙,本体進化,マ行,メジロドーベル
起死回生の一歩,696,橙,本体進化,マ行,メジロドーベル
魅惑のシニカルガール,696,橙,本体進化,ナ行,ナイスネイチャ
目指せ！主人公！,696,橙,本体進化,ナ行,ナイスネイチャ
頑張るしかないよね,696,橙,本体進化,ナ行,ナイスネイチャ
ノンストップエール,461,橙,本体進化,ナ行,ナイスネイチャ
いい味、出てるでしょ？,633,橙,本体進化,ナ行,ナイスネイチャ
大掃除上手,766,橙,本体進化,ナ行,ナイスネイチャ
盛り上げ上手,766,橙,本体進化,ナ行,ナイスネイチャ
電撃の撫で切り,696,橙,本体進化,カ行,キングヘイロー
王の大局観,433,橙,本体進化,カ行,キングヘイロー
竜の雲を得る如し,696,橙,本体進化,カ行,キングヘイロー
春風吹きて、桜舞う,508,緑,本体進化,カ行,キングヘイロー
遮るものはない,696,橙,本体進化,カ行,キングヘイロー
不屈の証明,696,橙,本体進化,カ行,キングヘイロー
一流の在り方,696,橙,本体進化,カ行,キングヘイロー
ゴーイングマイウェイ,633,青,本体進化,マ行,マチカネタンホイザ
えい！えい！むん！,696,橙,本体進化,マ行,マチカネタンホイザ
ポジティブスマイル,696,青,本体進化,マ行,マチカネタンホイザ
大どんでんがえし,696,橙,本体進化,マ行,マチカネタンホイザ
やばしやばし！,696,橙,本体進化,マ行,マチカネタンホイザ
徹底管理プラン,696,青,本体進化,ア行,イクノディクタス
鉄火花,696,橙,本体進化,ア行,イクノディクタス
パないっしょ？,633,橙,本体進化,マ行,メジロパーマー
神逃げの心得,696,橙,本体進化,マ行,メジロパーマー
テンアゲスタイル,696,橙,本体進化,マ行,メジロパーマー
北風一蹴,696,橙,本体進化,マ行,メジロパーマー
メリ☆クリ↑パーリー,917,橙,本体進化,マ行,メジロパーマー
マジ爆上げっしょ！,696,橙,本体進化,タ行,ダイタクヘリオス
とりまやったれ～！,696,橙,本体進化,タ行,ダイタクヘリオス
トレンド先取り☆,433,橙,本体進化,タ行,ダイタクヘリオス
マイル神、爆☆誕,696,橙,本体進化,タ行,ダイタクヘリオス
出力1000万%！！,696,橙,本体進化,タ行,ツインターボ
ターボについてこーい！,433,橙,本体進化,タ行,ツインターボ
金剛不壊,696,青,本体進化,サ行,サトノダイヤモンド
隠せぬ輝き,696,青,本体進化,サ行,サトノダイヤモンド
右回りの輪舞曲,508,緑,本体進化,サ行,サトノダイヤモンド
無我の境地,766,橙,本体進化,サ行,サトノダイヤモンド
明けぬ夜はない！,559,赤,本体進化,サ行,サトノダイヤモンド
蒼色革命,696,橙,本体進化,サ行,サトノダイヤモンド
ダンス・デ・レぺ,696,橙,本体進化,サ行,サトノダイヤモンド
祭りだワッショイ！,433,橙,本体進化,カ行,キタサンブラック
爆風一閃！,696,橙,本体進化,カ行,キタサンブラック
未来へ飛び立ちましょう！,696,橙,本体進化,カ行,キタサンブラック
必勝の前口上！,433,橙,本体進化,カ行,キタサンブラック
あっぱれ！臥竜勇往,766,橙,本体進化,カ行,キタサンブラック
万里飛び越えソイヤッ！,766,橙,本体進化,カ行,キタサンブラック
お花見当たり年！,696,橙,本体進化,サ行,サクラチヨノオー
案ずるより走るが速し,766,橙,本体進化,サ行,サクラチヨノオー
けふ九重に満開です,508,緑,本体進化,サ行,サクラチヨノオー
桜花爛漫一直線,633,橙,本体進化,サ行,サクラチヨノオー
負けたくない！,696,橙,本体進化,サ行,サクラチヨノオー
揺るがぬアスター,696,橙,本体進化,サ行,シリウスシンボリ
一等星のアラベスク,696,橙,本体進化,サ行,シリウスシンボリ
追想のトロイメライ,696,橙,本体進化,サ行,シリウスシンボリ
悪路のほうが好みでね,508,緑,本体進化,サ行,シリウスシンボリ
Beat the Stars,696,橙,本体進化,サ行,シリウスシンボリ
永遠の輝き,696,青,本体進化,マ行,メジロアルダン
刹那への覚悟,696,橙,本体進化,マ行,メジロアルダン
美しき燐光,696,青,本体進化,マ行,メジロアルダン
幽玄の灯火,696,青,本体進化,マ行,メジロアルダン
淡く儚い残照,766,橙,本体進化,マ行,メジロアルダン
昂る焔,633,橙,本体進化,ヤ行,ヤエノムテキ
八重の向こう意気,696,橙,本体進化,ヤ行,ヤエノムテキ
勝利に焦がれる激情,696,橙,本体進化,ヤ行,ヤエノムテキ
将の疾刃,696,橙,本体進化,ヤ行,ヤエノムテキ
無双の追撃,696,橙,本体進化,ヤ行,ヤエノムテキ
千辛万苦切り裂く刃,696,橙,本体進化,タ行,ツルマルツヨシ
迸る月流星,696,橙,本体進化,タ行,ツルマルツヨシ
不屈のお嬢様,633,青,本体進化,マ行,メジロブライト
動かざること羊蹄山の若し,696,青,本体進化,マ行,メジロブライト
聖夜の天路,696,橙,本体進化,マ行,メジロブライト
雪華の追い上げ,696,橙,本体進化,マ行,メジロブライト
桜前線進行中！,696,橙,本体進化,サ行,サクラローレル
一花咲かせましょう！,766,橙,本体進化,サ行,サクラローレル
ターフの主人公,508,緑,本体進化,ナ行,ナリタトップロード
正道,696,橙,本体進化,ナ行,ナリタトップロード
ひたむきサンタクロース,696,青,本体進化,ナ行,ナリタトップロード
暗い夜道もお任せを！,696,橙,本体進化,ナ行,ナリタトップロード
ウインドシアー,696,橙,本体進化,ヤ行,ヤマニンゼファー
神渡し,696,橙,本体進化,ヤ行,ヤマニンゼファー
天つ風,696,橙,本体進化,ヤ行,ヤマニンゼファー
塵旋風となりて,696,橙,本体進化,ヤ行,ヤマニンゼファー
シルフ・スピリット,766,橙,本体進化,ヤ行,ヤマニンゼファー
潮風の導き,696,橙,本体進化,ハ行,フリオーソ
勇船直往,696,橙,本体進化,ハ行,フリオーソ
情報強者,696,橙,本体進化,タ行,トランセンド
『未知』を求めて,633,橙,本体進化,タ行,トランセンド
ココロ、キラめくままに！,633,橙,本体進化,ナ行,ノースフライト
Enjoy the Flight,696,橙,本体進化,ナ行,ノースフライト
質実剛健,766,橙,本体進化,サ行,シンボリクリスエス
革命をもたらす威容,696,橙,本体進化,サ行,シンボリクリスエス
Burn Down,696,橙,本体進化,サ行,シンボリクリスエス
Service: Transit,766,橙,本体進化,サ行,シンボリクリスエス
嵐を呼ぶ破壊神,696,橙,本体進化,タ行,タニノギムレット
酔い痴れよ、世界,696,緑,本体進化,タ行,タニノギムレット
アレスの進撃,696,橙,本体進化,タ行,タニノギムレット
アルテミスの矢,766,橙,本体進化,タ行,タニノギムレット
華麗であれ,696,橙,本体進化,タ行,ダイイチルビー
常に最たる輝きを,696,橙,本体進化,タ行,ダイイチルビー
霹靂閃電,766,橙,本体進化,タ行,ダイイチルビー
灰と化すまで,696,橙,本体進化,タ行,ダイイチルビー
純愛,696,橙,本体進化,マ行,メジロラモーヌ
高嶺の艶笑,696,橙,本体進化,マ行,メジロラモーヌ
Limitless Love,696,橙,本体進化,マ行,メジロラモーヌ
祝宴の征服者,696,橙,本体進化,マ行,メジロラモーヌ
必勝のピッチアップ,433,橙,本体進化,ア行,アストンマーチャン
記憶に刻む足取り,696,橙,本体進化,ア行,アストンマーチャン
辻映りの妙技,766,橙,本体進化,ア行,アストンマーチャン
覚えていてくださいね？,766,橙,本体進化,ア行,アストンマーチャン
アンビシャスカード,696,橙,本体進化,サ行,サトノクラウン
ミリオンカード,696,橙,本体進化,サ行,サトノクラウン
偉大なる踏破,766,橙,本体進化,サ行,シュヴァルグラン
全力投球,633,橙,本体進化,サ行,シュヴァルグラン
不撓不屈の女王,696,橙,本体進化,ア行,ヴィルシーナ
『お姉ちゃん、だもの』,696,橙,本体進化,ア行,ヴィルシーナ
天来のリトルシスター,696,橙,本体進化,ア行,ヴィブロス
ハイソ・メンタリティ！,696,橙,本体進化,ア行,ヴィブロス
K.Speed,766,橙,本体進化,カ行,ケイエスミラクル
命の火花,696,橙,本体進化,カ行,ケイエスミラクル
猛襲の牙,766,橙,本体進化,サ行,ジャングルポケット
闘叫の鬼,696,橙,本体進化,サ行,ジャングルポケット
天上天下唯我爆走,696,橙,本体進化,サ行,ジャングルポケット
侵掠如火,696,橙,本体進化,ナ行,ノーリーズン
天下分け目,696,橙,本体進化,ナ行,ノーリーズン
コパッと開運！,633,橙,本体進化,カ行,コパノリッキー
龍脈の波濤,508,緑,本体進化,カ行,コパノリッキー
黄龍、天へと昇る,633,橙,本体進化,カ行,コパノリッキー
走る縁起物,508,緑,本体進化,カ行,コパノリッキー
苫小牧グルメで舌鼓！,696,青,本体進化,ハ行,ホッコータルマエ
観光大使の面目躍如！,633,橙,本体進化,ハ行,ホッコータルマエ
ひた走れ！苫小牧の星,633,橙,本体進化,ハ行,ホッコータルマエ
感謝のふるさとメドレー,834,橙,本体進化,ハ行,ホッコータルマエ
突き進め北の海,696,橙,本体進化,ハ行,ホッコータルマエ
闘魂注入,433,橙,本体進化,ワ行,ワンダーアキュート
いぶし銀の闘志,394,橙,本体進化,ワ行,ワンダーアキュート
女神の砂浴び,633,橙,本体進化,ワ行,ワンダーアキュート
カエスーラ,633,青,本体進化,サ行,サウンズオブアース
トライアンフ,696,橙,本体進化,サ行,サウンズオブアース
してやったり！,433,橙,本体進化,カ行,カツラギエース
逃げっ切りの1人旅,766,橙,本体進化,カ行,カツラギエース
伏竜は目覚めて,766,橙,本体進化,カ行,カツラギエース
暁光背負いて,766,橙,本体進化,カ行,カツラギエース
銀河のその先へ、あなたと,696,橙,本体進化,ナ行,ネオユニヴァース
星の海を駆けて,696,橙,本体進化,ナ行,ネオユニヴァース
ルミナス・スペクトラム,696,橙,本体進化,ナ行,ネオユニヴァース
“METI”レゾナンス,433,緑,本体進化,ナ行,ネオユニヴァース
焦らず、気負わず,696,青,本体進化,ハ行,ヒシミラクル
できる範囲でがんばろ～！,696,青,本体進化,ハ行,ヒシミラクル
ちょっといいこと、集めて,696,橙,本体進化,ハ行,ヒシミラクル
Breakaway Star,696,橙,本体進化,タ行,タップダンスシチー
Smooth Sailing!,633,橙,本体進化,タ行,タップダンスシチー
True Wire-to-Wire!,696,橙,本体進化,タ行,タップダンスシチー
大航海、飄々と,766,橙,本体進化,タ行,タップダンスシチー
磨穿鉄硯,633,橙,本体進化,タ行,ドゥラメンテ
赫焉,766,橙,本体進化,タ行,ドゥラメンテ
未来を拓け！,696,橙,本体進化,ラ行,ラインクラフト
ぜーったい負けられない！,696,橙,本体進化,ラ行,ラインクラフト
礎たれ,696,橙,本体進化,サ行,シーザリオ
麗しき転身,696,橙,本体進化,サ行,シーザリオ
栄華の歩み、誰ぞ遮る,766,橙,本体進化,サ行,シーザリオ
白妙の約定,696,橙,本体進化,サ行,シーザリオ
母の面影を追って,696,橙,本体進化,ア行,エアメサイア
堅実なる秘策,696,橙,本体進化,ア行,エアメサイア
我が意、即ち天の理なり,696,橙,本体進化,ア行,オルフェーヴル
王威絢爛,834,橙,本体進化,ア行,オルフェーヴル
――畏れよ、然して拝跪せよ,834,橙,本体進化,ア行,オルフェーヴル
――お退きなさい,507,橙,本体進化,サ行,ジェンティルドンナ
Power Am I,766,橙,本体進化,サ行,ジェンティルドンナ
淑女の独擅場,696,橙,本体進化,サ行,ジェンティルドンナ
グラン・ジュッテ,696,橙,本体進化,ア行,ウインバリアシオン
邁進アン・レール,633,橙,本体進化,ア行,ウインバリアシオン
果てへの面舵,508,緑,本体進化,タ行,ドリームジャーニー
夢見心地,696,橙,本体進化,タ行,ドリームジャーニー
閃光一走！,766,橙,本体進化,カ行,カルストンライトオ
突風一駆！,766,橙,本体進化,カ行,カルストンライトオ
忠心のヴェイヤンティフ,696,橙,本体進化,タ行,デュランダル
オリファントの轟雷,696,橙,本体進化,タ行,デュランダル
俊傑の悠,766,橙,本体進化,ハ行,バブルガムフェロー
嚆矢の花道,766,橙,本体進化,ハ行,バブルガムフェロー
あんぱんと牛乳,696,青,本体進化,ハ行,フェノーメノ
猛き獣は太陽に吼える,766,橙,本体進化,ハ行,フェノーメノ
推してまいる！！,696,橙,本体進化,カ行,グランアレグリア
万哩へ響け大歓声,696,橙,本体進化,カ行,グランアレグリア
ストリーミング♡ラッシュ,766,橙,本体進化,ラ行,ラヴズオンリーユー
応援コメントよろしく！,766,橙,本体進化,ラ行,ラヴズオンリーユー
永永無窮,696,橙,本体進化,カ行,クロノジェネシス
創世の一頁,696,橙,本体進化,カ行,クロノジェネシス
右回り◎,174,緑,ノーマル,CLASSIC,ステータスup
右回り○,129,緑,ノーマル,CLASSIC,ステータスup
阪神レース場◎,174,緑,ノーマル,CLASSIC,ステータスup
阪神レース場○,129,緑,ノーマル,CLASSIC,ステータスup
非根幹距離◎,174,緑,ノーマル,CLASSIC,ステータスup
非根幹距離○,129,緑,ノーマル,CLASSIC,ステータスup
道悪◎,174,緑,ノーマル,CLASSIC,ステータスup
道悪○,129,緑,ノーマル,CLASSIC,ステータスup
夏ウマ娘◎,174,緑,ノーマル,CLASSIC,ステータスup
夏ウマ娘○,129,緑,ノーマル,CLASSIC,ステータスup
曇りの日◎,174,緑,ノーマル,CLASSIC,ステータスup
曇りの日○,129,緑,ノーマル,CLASSIC,ステータスup
伏兵◎,174,緑,ノーマル,CLASSIC,ステータスup
伏兵○,129,緑,ノーマル,CLASSIC,ステータスup
弧線のプロフェッサー,508,橙,レア,CLASSIC,共
コーナー巧者○,217,橙,ノーマル,CLASSIC,共
ハヤテ一文字,508,橙,レア,CLASSIC,共
直線巧者,217,橙,ノーマル,CLASSIC,共
ポジションセンス,129,橙,ノーマル,CLASSIC,共
ノンストップガール,394,橙,レア,CLASSIC,共
垂れウマ回避,174,橙,ノーマル,CLASSIC,共
全身全霊,508,橙,レア,CLASSIC,共
末脚,217,橙,ノーマル,CLASSIC,共
先手必勝,367,橙,レア,CLASSIC,逃
先駆け,239,橙,ノーマル,CLASSIC,逃
脱出術,559,橙,レア,CLASSIC,逃
急ぎ足,239,橙,ノーマル,CLASSIC,逃
迅速果断,559,橙,レア,CLASSIC,差
位置取り押し上げ,239,橙,ノーマル,CLASSIC,差
乗り換え上手,559,橙,レア,CLASSIC,差
差し切り体勢,239,橙,ノーマル,CLASSIC,差
昇り龍,559,橙,レア,CLASSIC,差
外差し準備,239,橙,ノーマル,CLASSIC,差
疾風怒濤,559,橙,レア,CLASSIC,追
仕掛け抜群,239,橙,ノーマル,CLASSIC,追
キラーチューン,559,橙,レア,CLASSIC,中
テンポアップ,239,橙,ノーマル,CLASSIC,中
勝利への執念,559,橙,レア,CLASSIC,中
食い下がり,239,橙,ノーマル,CLASSIC,中
中距離直線◎,288,橙,ノーマル,CLASSIC,中
中距離直線○,239,橙,ノーマル,CLASSIC,中
中距離コーナー◎,288,橙,ノーマル,CLASSIC,中
中距離コーナー○,239,橙,ノーマル,CLASSIC,中
逃げ直線◎,288,橙,ノーマル,CLASSIC,逃
逃げ直線○,239,橙,ノーマル,CLASSIC,逃
逃げコーナー◎,288,橙,ノーマル,CLASSIC,逃
逃げコーナー○,239,橙,ノーマル,CLASSIC,逃
危険回避,142,橙,ノーマル,CLASSIC,逃
トップランナー,559,橙,レア,CLASSIC,逃
先頭プライド,239,橙,ノーマル,CLASSIC,逃
再燃焼,559,橙,レア,CLASSIC,逃
二の矢,239,橙,ノーマル,CLASSIC,逃
先行直線◎,288,橙,ノーマル,CLASSIC,先
先行直線○,239,橙,ノーマル,CLASSIC,先
先行コーナー◎,288,橙,ノーマル,CLASSIC,先
先行コーナー○,239,橙,ノーマル,CLASSIC,先
技巧派,367,橙,レア,CLASSIC,先
巧みなステップ,239,橙,ノーマル,CLASSIC,先
決意の直滑降,367,橙,レア,CLASSIC,先
直滑降,239,橙,ノーマル,CLASSIC,先
差し直線◎,288,橙,ノーマル,CLASSIC,差
差し直線○,239,橙,ノーマル,CLASSIC,差
差しコーナー◎,288,橙,ノーマル,CLASSIC,差
差しコーナー○,239,橙,ノーマル,CLASSIC,差
百万バリキ,367,橙,レア,CLASSIC,差
十万バリキ,239,橙,ノーマル,CLASSIC,差
追込直線◎,288,橙,ノーマル,CLASSIC,追
追込直線○,239,橙,ノーマル,CLASSIC,追
追込コーナー◎,288,橙,ノーマル,CLASSIC,追
追込コーナー○,239,橙,ノーマル,CLASSIC,追
ウマ好み,217,橙,ノーマル,CLASSIC,共
ウママニア,508,橙,レア,CLASSIC,共
地固め,217,橙,ノーマル,CLASSIC,共
盤石の構え,508,橙,レア,CLASSIC,共
尻尾上がり,217,橙,ノーマル,CLASSIC,共
尻尾の滝登り,508,橙,レア,CLASSIC,共
一匹狼,129,緑,ノーマル,CLASSIC,ステータスup
スリップストリーム,217,橙,ノーマル,CLASSIC,共
いいとこ入った！,508,橙,レア,CLASSIC,共
遊びはおしまいっ！,217,橙,ノーマル,CLASSIC,共
お先に失礼っ！,508,橙,レア,CLASSIC,共
決死の覚悟,559,橙,レア,CLASSIC,中
ありったけ,239,橙,ノーマル,CLASSIC,中
鍔迫り合い,559,橙,レア,CLASSIC,先
真っ向勝負,239,橙,ノーマル,CLASSIC,先
強攻策,559,橙,レア,CLASSIC,追
大逃げ,407,緑,レア,CLASSIC,逃
起死回生,559,橙,レア,CLASSIC,中
ワンチャンス,239,橙,ノーマル,CLASSIC,中
気炎万丈,559,橙,レア,CLASSIC,中
闘争心,239,橙,ノーマル,CLASSIC,中
高揚感,559,橙,レア,CLASSIC,中
前のめり,239,橙,ノーマル,CLASSIC,中
大胆不敵,559,橙,レア,CLASSIC,差
恐れぬ心,239,橙,ノーマル,CLASSIC,差
勇往邁進,559,橙,レア,CLASSIC,差
フルスロットル,239,橙,ノーマル,CLASSIC,差
自制心,217,緑,ノーマル,CLASSIC,ステータスup
至高のダウンヒラー,508,橙,レア,CLASSIC,共
下り坂巧者,217,橙,ノーマル,CLASSIC,共
アンストッパブル,559,橙,レア,CLASSIC,先
攻めの姿勢,239,橙,ノーマル,CLASSIC,先
ブレイクスルー,559,橙,レア,CLASSIC,追
打開策,239,橙,ノーマル,CLASSIC,追
出力1000％！,559,橙,レア,CLASSIC,逃
しゃかりき,239,橙,ノーマル,CLASSIC,逃
風雲の志,559,橙,レア,CLASSIC,先
快進撃,615,橙,レア,CLASSIC,,先
トップギア,559,橙,レア,CLASSIC,差
キレる脚,239,橙,ノーマル,CLASSIC,差
踏ませぬ影,559,橙,レア,CLASSIC,逃
粘り腰,239,橙,ノーマル,CLASSIC,逃
猛追,559,橙,レア,CLASSIC,先,差
食らいつき,239,橙,ノーマル,CLASSIC,先,差
抜群の切れ味,559,橙,レア,CLASSIC,追
切れ味,239,橙,ノーマル,CLASSIC,追
天衣無縫,559,橙,レア,CLASSIC,中
型破り,239,橙,ノーマル,CLASSIC,中
優位形成,559,橙,レア,CLASSIC,中
しとやかな足取り,239,橙,ノーマル,CLASSIC,中
神速,633,橙,レア,CLASSIC,共
快速,263,橙,ノーマル,CLASSIC,共
ルミネセンス,559,橙,レア,CLASSIC,中
イグニッション,239,橙,ノーマル,CLASSIC,中
溢れる情熱,239,橙,ノーマル,CLASSIC,差
突撃魂,559,橙,レア,CLASSIC,差
進出開始,239,橙,ノーマル,CLASSIC,差
千里の道,559,橙,レア,CLASSIC,差
昂る鼓動,559,橙,レア,CLASSIC,中
込み上げる熱,239,橙,ノーマル,CLASSIC,中
誰より前へ！,367,橙,レア,CLASSIC,中
一番乗り,239,橙,ノーマル,CLASSIC,中
ネバーギブアップ,508,橙,レア,CLASSIC,共
十全十美,559,橙,レア,CLASSIC,中
品行方正,239,橙,ノーマル,CLASSIC,中
かっとばせ！,559,橙,レア,CLASSIC,先
完全燃焼,559,橙,レア,CLASSIC,追
たぎる血潮,239,橙,ノーマル,CLASSIC,追
飛翔脚,559,橙,レア,CLASSIC,追
推力十分,239,橙,ノーマル,CLASSIC,追
一心不乱,559,橙,レア,CLASSIC,追
惜しみなし,239,橙,ノーマル,CLASSIC,追
肉薄,559,橙,レア,CLASSIC,追
影踏み,239,橙,ノーマル,CLASSIC,追
流星光底,559,橙,レア,CLASSIC,先
飛躍の予感,239,橙,ノーマル,CLASSIC,先
掌握,559,橙,レア,CLASSIC,追
正攻法,508,橙,レア,CLASSIC,共
素直な一歩,217,橙,ノーマル,CLASSIC,共
初志貫徹,559,橙,レア,CLASSIC,中
揺るがぬ信念,239,橙,ノーマル,CLASSIC,中
王道一途,559,橙,レア,CLASSIC,中
正面突破,239,橙,ノーマル,CLASSIC,中
強者の証,615,橙,レア,CLASSIC,,先
さらなる高みへ,263,橙,ノーマル,CLASSIC,,先
幕引き,559,橙,レア,CLASSIC,先
決定打,239,橙,ノーマル,CLASSIC,先
怜悧清澄,696,橙,レア,CLASSIC,中
本能の解放,559,橙,レア,CLASSIC,差,追
むきだしの情熱,239,橙,ノーマル,CLASSIC,差,追
一張一弛,559,橙,レア,CLASSIC,中
切り替え上手,239,橙,ノーマル,CLASSIC,中
早業,559,橙,レア,CLASSIC,逃
影従打破,559,橙,レア,CLASSIC,先
アグレッシブ,239,橙,ノーマル,CLASSIC,先
逸る足取り,239,橙,ノーマル,CLASSIC,先
烈火の如く,559,橙,レア,CLASSIC,中
急襲,239,橙,ノーマル,CLASSIC,中
切り込み隊長,239,橙,ノーマル,CLASSIC,逃
駆け降り,239,橙,ノーマル,CLASSIC,差
用意周到,559,橙,レア,CLASSIC,差
下準備,239,橙,ノーマル,CLASSIC,差
追跡者,615,橙,レア,CLASSIC,,追
這い寄る足音,263,橙,ノーマル,CLASSIC,,追
真骨頂,508,橙,レア,CLASSIC,共
一歩ずつ前へ,217,橙,ノーマル,CLASSIC,共
後の先,559,橙,レア,CLASSIC,中
英姿颯爽,615,橙,レア,CLASSIC,,逃
破天荒,263,橙,ノーマル,CLASSIC,,逃
追い風に乗って,263,橙,ノーマル,CLASSIC,,逃
正々堂々,559,橙,レア,CLASSIC,先
己を信じて,239,橙,ノーマル,CLASSIC,先
才気煥発,559,橙,レア,CLASSIC,中
躍動,239,橙,ノーマル,CLASSIC,中
夢の舞台へ,615,橙,レア,CLASSIC,,先
憧れを越えて,263,橙,ノーマル,CLASSIC,,先
傑出,559,橙,レア,CLASSIC,逃
抜きん出る一歩,239,橙,ノーマル,CLASSIC,逃
猛烈激走,559,橙,レア,CLASSIC,逃,先
みなぎる闘志,239,橙,ノーマル,CLASSIC,逃,先
英俊豪傑,633,橙,レア,CLASSIC,共
比類なき,263,橙,ノーマル,CLASSIC,共
睥睨,696,橙,レア,CLASSIC,中
覇気十分,289,橙,ノーマル,CLASSIC,中
垣間見た光,263,橙,ノーマル,CLASSIC,,追
登竜門,239,橙,ノーマル,CLASSIC,追
突破口,559,橙,レア,CLASSIC,中
足がかり,239,橙,ノーマル,CLASSIC,中
捕捉,239,橙,ノーマル,CLASSIC,追
独立独歩,559,橙,レア,CLASSIC,差
押し通る！,239,橙,ノーマル,CLASSIC,差
ストレートハート,615,橙,レア,CLASSIC,,差
唯一無二,559,橙,レア,CLASSIC,中
夢への挑戦,239,橙,ノーマル,CLASSIC,中
光明,239,橙,ノーマル,CLASSIC,中
パスファインダー,559,橙,レア,CLASSIC,中
活路を拓く！,239,橙,ノーマル,CLASSIC,中
悠久走破,559,橙,レア,CLASSIC,中
健脚,239,橙,ノーマル,CLASSIC,中
陽炎,559,橙,レア,CLASSIC,差
静かな熱,239,橙,ノーマル,CLASSIC,差
アオハル点火・賢,263,橙,ノーマル,CLASSIC,共
限界の先へ,633,橙,レア,CLASSIC,共
前だけ見据えて,263,橙,ノーマル,CLASSIC,共
レースの真髄・体,174,橙,ノーマル,CLASSIC,共
レースの真髄・力,174,橙,ノーマル,CLASSIC,共
レースの真髄・心,174,緑,ノーマル,CLASSIC,ステータスup
もう少しだけ、いい景色,696,橙,レア,CLASSIC,中
夢の再生方法,289,橙,ノーマル,CLASSIC,中
新たな伝説を築く者,633,橙,レア,CLASSIC,共
時代を変える者,263,橙,ノーマル,CLASSIC,共
本能の懸け橋,696,橙,レア,CLASSIC,中
あるがままに,289,橙,ノーマル,CLASSIC,中
補正あり継承,198,橙,継承,ア行,アイネスフウジン
